ClassNameAndObjectPath,ShaderType,ShaderClass,MaterialDomain,FeatureLevel,QualityLevel,TargetFrequency,TargetPlatform,VFType,Permutation,OutputHash
empty,TSlateElementPSLineSegmenttruetrueA,Global,None,None,None,SF_Pixel,GLSL_ES2,null,Perm_0,2FA502BF1A9736BEDD6D30490107A63B0F3F4359
empty,TSlateElementPSFonttruetrueA,Global,None,None,None,SF_Pixel,GLSL_ES2,null,Perm_0,12C4702DB01F66C828E6A896A6D0E2CA21C7190C
empty,TSlateElementPSLineSegmentfalsetrueA,Global,None,None,None,SF_Pixel,GLSL_ES2,null,Perm_0,E5599AF856175C4580102515B6D4C2A5555DA116
empty,TSlateElementPSFontfalsetrueA,Global,None,None,None,SF_Pixel,GLSL_ES2,null,Perm_0,CF4B22548BD7C09980562E15C6C370F7DF573599
empty,TSlateElementPSBordertruefalseA,Global,None,None,None,SF_Pixel,GLSL_ES2,null,Perm_0,B1F6E7B4D0E430CFC830AA1C8B0624D66A800ED3
empty,TSlateElementPSDefaulttruefalseA,Global,None,None,None,SF_Pixel,GLSL_ES2,null,Perm_0,5AD887CCAF24EEA0B408F23B940B572D65B74243
empty,TSlateElementPSBorderfalsefalseA,Global,None,None,None,SF_Pixel,GLSL_ES2,null,Perm_0,0B512A18D39B430F0E61FB4512CD40114967406D
empty,TSlateElementPSDefaultfalsefalseA,Global,None,None,None,SF_Pixel,GLSL_ES2,null,Perm_0,C80DA8D7236B300B716B4683B5A8F9050A990164
empty,TSlateElementPSBordertruetrueA,Global,None,None,None,SF_Pixel,GLSL_ES2,null,Perm_0,2B95713C84B3ADF2D9F485C41BE998B3A3AFEDCA
empty,TSlateElementPSDefaulttruetrueA,Global,None,None,None,SF_Pixel,GLSL_ES2,null,Perm_0,0367398F9D53301FF0D973ACB9AB8E0CA97D1B7B
empty,TSlateElementPSBorderfalsetrueA,Global,None,None,None,SF_Pixel,GLSL_ES2,null,Perm_0,999B2EE5D292D4EBE8C9B30F8F60252AB457B63E
empty,TSlateElementPSDefaultfalsetrueA,Global,None,None,None,SF_Pixel,GLSL_ES2,null,Perm_0,342C45BDB965326958B9205A44686F91CE85057E
empty,FSlateDebugBatchingPS,Global,None,None,None,SF_Pixel,GLSL_ES2,null,Perm_0,FE789B2DCDA65CD4548687DDFC5CAA65A2BF23BC
empty,FSlateMaskingPS,Global,None,None,None,SF_Pixel,GLSL_ES2,null,Perm_0,F6C237B15A1A22407799EDC6ADDD1C1FC7B633B5
empty,FSlateMaskingVS,Global,None,None,None,SF_Vertex,GLSL_ES2,null,Perm_0,45C9CC191AE1C654813DC99EA3A45DE39EC51009
empty,FSlatePostProcessColorDeficiencyPS,Global,None,None,None,SF_Pixel,GLSL_ES2,null,Perm_0,A0E000E812082F69A78BB3F425E559BFA2DA30EE
empty,FSlatePostProcessDownsamplePS,Global,None,None,None,SF_Pixel,GLSL_ES2,null,Perm_0,9BFA3BF5918598B76D4AC8AAC785552F838E5F28
empty,FSlatePostProcessBlurPS,Global,None,None,None,SF_Pixel,GLSL_ES2,null,Perm_0,CC77C5A8DC9125532BF142BFAF5D06B92023D2BC
empty,FSlateDebugOverdrawPS,Global,None,None,None,SF_Pixel,GLSL_ES2,null,Perm_0,3F5468F950C8DDD9368222203B4628A38E945D8B
empty,FSlateElementVS,Global,None,None,None,SF_Vertex,GLSL_ES2,null,Perm_0,41034587ABC5302BE53E09F9F2BD3D487114F32C
empty,FStereoLayerPS,Global,None,None,None,SF_Pixel,GLSL_ES2,null,Perm_0,11BAC6E7A1C2E385096EB1952A29BA14E118505E
empty,FStereoLayerVS,Global,None,None,None,SF_Vertex,GLSL_ES2,null,Perm_0,54FCF5B99128F8EF420258BE82A4DA47E138FC87
empty,FSimpleElementDistanceFieldGammaPSEncodedSE_BLEND_TranslucentAlphaOnlyWriteAlpha,Global,None,None,None,SF_Pixel,GLSL_ES2,null,Perm_0,720543357F139581E3B36D839C8387191D653AA3
empty,FSimpleElementDistanceFieldGammaPSEncodedSE_BLEND_TranslucentAlphaOnly,Global,None,None,None,SF_Pixel,GLSL_ES2,null,Perm_0,720543357F139581E3B36D839C8387191D653AA3
empty,FSimpleElementDistanceFieldGammaPSEncodedSE_BLEND_AlphaBlend,Global,None,None,None,SF_Pixel,GLSL_ES2,null,Perm_0,720543357F139581E3B36D839C8387191D653AA3
empty,FSimpleElementDistanceFieldGammaPSEncodedSE_BLEND_TranslucentDistanceFieldShadowed,Global,None,None,None,SF_Pixel,GLSL_ES2,null,Perm_0,720543357F139581E3B36D839C8387191D653AA3
empty,FSimpleElementDistanceFieldGammaPSEncodedSE_BLEND_AlphaComposite,Global,None,None,None,SF_Pixel,GLSL_ES2,null,Perm_0,2346E75386B5CD8CF49ABF85A312454D4E899170
empty,FSimpleElementDistanceFieldGammaPSEncodedSE_BLEND_TranslucentDistanceField,Global,None,None,None,SF_Pixel,GLSL_ES2,null,Perm_0,720543357F139581E3B36D839C8387191D653AA3
empty,FSimpleElementDistanceFieldGammaPSEncodedSE_BLEND_MaskedDistanceFieldShadowed,Global,None,None,None,SF_Pixel,GLSL_ES2,null,Perm_0,E9ADBF2BAF8C0C1DFF1BF43BB4E7D1FA0BC53F4E
empty,FSimpleElementDistanceFieldGammaPSEncodedSE_BLEND_MaskedDistanceField,Global,None,None,None,SF_Pixel,GLSL_ES2,null,Perm_0,E9ADBF2BAF8C0C1DFF1BF43BB4E7D1FA0BC53F4E
empty,FSimpleElementDistanceFieldGammaPSEncodedSE_BLEND_Modulate,Global,None,None,None,SF_Pixel,GLSL_ES2,null,Perm_0,D551D516B27E206E56528A468E9FA5548A538E08
empty,FSimpleElementDistanceFieldGammaPSEncodedSE_BLEND_Additive,Global,None,None,None,SF_Pixel,GLSL_ES2,null,Perm_0,68BC7C9CBF4BAC0B914016C410D2F033A18D60B6
empty,FSimpleElementDistanceFieldGammaPSEncodedSE_BLEND_Translucent,Global,None,None,None,SF_Pixel,GLSL_ES2,null,Perm_0,720543357F139581E3B36D839C8387191D653AA3
empty,FSimpleElementDistanceFieldGammaPSEncodedSE_BLEND_Masked,Global,None,None,None,SF_Pixel,GLSL_ES2,null,Perm_0,E9ADBF2BAF8C0C1DFF1BF43BB4E7D1FA0BC53F4E
empty,FSimpleElementDistanceFieldGammaPSEncodedSE_BLEND_Opaque,Global,None,None,None,SF_Pixel,GLSL_ES2,null,Perm_0,E9ADBF2BAF8C0C1DFF1BF43BB4E7D1FA0BC53F4E
empty,FSimpleElementMaskedGammaPS_LinearEncodedSE_BLEND_TranslucentAlphaOnlyWriteAlpha,Global,None,None,None,SF_Pixel,GLSL_ES2,null,Perm_0,47D4D10942084EC4AE3754FD30A283DD302E743A
empty,FSimpleElementMaskedGammaPS_LinearEncodedSE_BLEND_TranslucentAlphaOnly,Global,None,None,None,SF_Pixel,GLSL_ES2,null,Perm_0,47D4D10942084EC4AE3754FD30A283DD302E743A
empty,FSimpleElementMaskedGammaPS_LinearEncodedSE_BLEND_AlphaBlend,Global,None,None,None,SF_Pixel,GLSL_ES2,null,Perm_0,47D4D10942084EC4AE3754FD30A283DD302E743A
empty,FSimpleElementMaskedGammaPS_LinearEncodedSE_BLEND_TranslucentDistanceFieldShadowed,Global,None,None,None,SF_Pixel,GLSL_ES2,null,Perm_0,47D4D10942084EC4AE3754FD30A283DD302E743A
empty,FSimpleElementMaskedGammaPS_LinearEncodedSE_BLEND_AlphaComposite,Global,None,None,None,SF_Pixel,GLSL_ES2,null,Perm_0,80CFB715272EF982846D02D86EB102A7CEE33F6A
empty,FSimpleElementMaskedGammaPS_LinearEncodedSE_BLEND_TranslucentDistanceField,Global,None,None,None,SF_Pixel,GLSL_ES2,null,Perm_0,47D4D10942084EC4AE3754FD30A283DD302E743A
empty,FSimpleElementMaskedGammaPS_LinearEncodedSE_BLEND_MaskedDistanceFieldShadowed,Global,None,None,None,SF_Pixel,GLSL_ES2,null,Perm_0,73276D6627E334F80ACBC6378987953B6BBFAD5B
empty,FSimpleElementMaskedGammaPS_LinearEncodedSE_BLEND_MaskedDistanceField,Global,None,None,None,SF_Pixel,GLSL_ES2,null,Perm_0,73276D6627E334F80ACBC6378987953B6BBFAD5B
empty,FSimpleElementMaskedGammaPS_LinearEncodedSE_BLEND_Modulate,Global,None,None,None,SF_Pixel,GLSL_ES2,null,Perm_0,C17951DDF114BEF7395065A2B01C3A8F845088FE
empty,FSimpleElementMaskedGammaPS_LinearEncodedSE_BLEND_Additive,Global,None,None,None,SF_Pixel,GLSL_ES2,null,Perm_0,A2E16321CF39131E8DB10EA4F6BA56E9EEE1CF4A
empty,FSimpleElementMaskedGammaPS_LinearEncodedSE_BLEND_Translucent,Global,None,None,None,SF_Pixel,GLSL_ES2,null,Perm_0,47D4D10942084EC4AE3754FD30A283DD302E743A
empty,FSimpleElementMaskedGammaPS_LinearEncodedSE_BLEND_Masked,Global,None,None,None,SF_Pixel,GLSL_ES2,null,Perm_0,73276D6627E334F80ACBC6378987953B6BBFAD5B
empty,FSimpleElementMaskedGammaPS_LinearEncodedSE_BLEND_Opaque,Global,None,None,None,SF_Pixel,GLSL_ES2,null,Perm_0,73276D6627E334F80ACBC6378987953B6BBFAD5B
empty,FSimpleElementMaskedGammaPS_SRGBEncodedSE_BLEND_TranslucentAlphaOnlyWriteAlpha,Global,None,None,None,SF_Pixel,GLSL_ES2,null,Perm_0,50F95059F7818B54320E8A002D4CEBCD97B6F44C
empty,FSimpleElementMaskedGammaPS_SRGBEncodedSE_BLEND_TranslucentAlphaOnly,Global,None,None,None,SF_Pixel,GLSL_ES2,null,Perm_0,50F95059F7818B54320E8A002D4CEBCD97B6F44C
empty,FSimpleElementMaskedGammaPS_SRGBEncodedSE_BLEND_AlphaBlend,Global,None,None,None,SF_Pixel,GLSL_ES2,null,Perm_0,50F95059F7818B54320E8A002D4CEBCD97B6F44C
empty,FSimpleElementMaskedGammaPS_SRGBEncodedSE_BLEND_TranslucentDistanceFieldShadowed,Global,None,None,None,SF_Pixel,GLSL_ES2,null,Perm_0,50F95059F7818B54320E8A002D4CEBCD97B6F44C
empty,FSimpleElementMaskedGammaPS_SRGBEncodedSE_BLEND_AlphaComposite,Global,None,None,None,SF_Pixel,GLSL_ES2,null,Perm_0,60E88141DC01A3B3F3740E4BAD4457DB2AC26A96
empty,FSimpleElementMaskedGammaPS_SRGBEncodedSE_BLEND_TranslucentDistanceField,Global,None,None,None,SF_Pixel,GLSL_ES2,null,Perm_0,50F95059F7818B54320E8A002D4CEBCD97B6F44C
empty,FSimpleElementMaskedGammaPS_SRGBEncodedSE_BLEND_MaskedDistanceFieldShadowed,Global,None,None,None,SF_Pixel,GLSL_ES2,null,Perm_0,3FC3A86D0C9FFAAB0FA778F2C481683BD437760E
empty,FSimpleElementMaskedGammaPS_SRGBEncodedSE_BLEND_MaskedDistanceField,Global,None,None,None,SF_Pixel,GLSL_ES2,null,Perm_0,3FC3A86D0C9FFAAB0FA778F2C481683BD437760E
empty,FSimpleElementMaskedGammaPS_SRGBEncodedSE_BLEND_Modulate,Global,None,None,None,SF_Pixel,GLSL_ES2,null,Perm_0,AD58E6B7352A8BAB9FE1427E5E0E50E38DDE0FB6
empty,FSimpleElementMaskedGammaPS_SRGBEncodedSE_BLEND_Additive,Global,None,None,None,SF_Pixel,GLSL_ES2,null,Perm_0,DC63C3135474556EF58DDB7CED8F4751FC1C81E3
empty,FSimpleElementMaskedGammaPS_SRGBEncodedSE_BLEND_Translucent,Global,None,None,None,SF_Pixel,GLSL_ES2,null,Perm_0,50F95059F7818B54320E8A002D4CEBCD97B6F44C
empty,FSimpleElementMaskedGammaPS_SRGBEncodedSE_BLEND_Masked,Global,None,None,None,SF_Pixel,GLSL_ES2,null,Perm_0,3FC3A86D0C9FFAAB0FA778F2C481683BD437760E
empty,FSimpleElementMaskedGammaPS_SRGBEncodedSE_BLEND_Opaque,Global,None,None,None,SF_Pixel,GLSL_ES2,null,Perm_0,3FC3A86D0C9FFAAB0FA778F2C481683BD437760E
empty,FSimpleElementGammaAlphaOnlyPSEncodedSE_BLEND_TranslucentAlphaOnlyWriteAlpha,Global,None,None,None,SF_Pixel,GLSL_ES2,null,Perm_0,65E483C088EA581EF2965E510896E16A27721665
empty,FSimpleElementGammaAlphaOnlyPSEncodedSE_BLEND_TranslucentAlphaOnly,Global,None,None,None,SF_Pixel,GLSL_ES2,null,Perm_0,65E483C088EA581EF2965E510896E16A27721665
empty,FSimpleElementGammaAlphaOnlyPSEncodedSE_BLEND_AlphaBlend,Global,None,None,None,SF_Pixel,GLSL_ES2,null,Perm_0,65E483C088EA581EF2965E510896E16A27721665
empty,FSimpleElementGammaAlphaOnlyPSEncodedSE_BLEND_TranslucentDistanceFieldShadowed,Global,None,None,None,SF_Pixel,GLSL_ES2,null,Perm_0,65E483C088EA581EF2965E510896E16A27721665
empty,FSimpleElementGammaAlphaOnlyPSEncodedSE_BLEND_AlphaComposite,Global,None,None,None,SF_Pixel,GLSL_ES2,null,Perm_0,FB971312DEDDD864A05ED63D193DDE74DF801096
empty,FSimpleElementGammaAlphaOnlyPSEncodedSE_BLEND_TranslucentDistanceField,Global,None,None,None,SF_Pixel,GLSL_ES2,null,Perm_0,65E483C088EA581EF2965E510896E16A27721665
empty,FSimpleElementGammaAlphaOnlyPSEncodedSE_BLEND_MaskedDistanceFieldShadowed,Global,None,None,None,SF_Pixel,GLSL_ES2,null,Perm_0,78A8262CF783C1DD9EC9B8AC8FB6ABF25380CF91
empty,FSimpleElementGammaAlphaOnlyPSEncodedSE_BLEND_MaskedDistanceField,Global,None,None,None,SF_Pixel,GLSL_ES2,null,Perm_0,78A8262CF783C1DD9EC9B8AC8FB6ABF25380CF91
empty,FSimpleElementGammaAlphaOnlyPSEncodedSE_BLEND_Modulate,Global,None,None,None,SF_Pixel,GLSL_ES2,null,Perm_0,0A98DB4C71D1F5CED3729F381B1AFF22BF5DB3E2
empty,FSimpleElementGammaAlphaOnlyPSEncodedSE_BLEND_Additive,Global,None,None,None,SF_Pixel,GLSL_ES2,null,Perm_0,6F8E31E35B9078907A40AB571C5E0AE02FDB1D64
empty,FSimpleElementGammaAlphaOnlyPSEncodedSE_BLEND_Translucent,Global,None,None,None,SF_Pixel,GLSL_ES2,null,Perm_0,65E483C088EA581EF2965E510896E16A27721665
empty,FSimpleElementGammaAlphaOnlyPSEncodedSE_BLEND_Masked,Global,None,None,None,SF_Pixel,GLSL_ES2,null,Perm_0,78A8262CF783C1DD9EC9B8AC8FB6ABF25380CF91
empty,FSimpleElementGammaAlphaOnlyPSEncodedSE_BLEND_Opaque,Global,None,None,None,SF_Pixel,GLSL_ES2,null,Perm_0,78A8262CF783C1DD9EC9B8AC8FB6ABF25380CF91
empty,FSimpleElementGammaPS_LinearEncodedSE_BLEND_TranslucentAlphaOnlyWriteAlpha,Global,None,None,None,SF_Pixel,GLSL_ES2,null,Perm_0,8FD032B5E84F7E1F1559C4F913EC198EEE1FB727
empty,FSimpleElementGammaPS_LinearEncodedSE_BLEND_TranslucentAlphaOnly,Global,None,None,None,SF_Pixel,GLSL_ES2,null,Perm_0,8FD032B5E84F7E1F1559C4F913EC198EEE1FB727
empty,FSimpleElementGammaPS_LinearEncodedSE_BLEND_AlphaBlend,Global,None,None,None,SF_Pixel,GLSL_ES2,null,Perm_0,8FD032B5E84F7E1F1559C4F913EC198EEE1FB727
empty,FSimpleElementGammaPS_LinearEncodedSE_BLEND_TranslucentDistanceFieldShadowed,Global,None,None,None,SF_Pixel,GLSL_ES2,null,Perm_0,8FD032B5E84F7E1F1559C4F913EC198EEE1FB727
empty,FSimpleElementGammaPS_LinearEncodedSE_BLEND_AlphaComposite,Global,None,None,None,SF_Pixel,GLSL_ES2,null,Perm_0,3DC9F3C392C01B90ADD8E39EEFA07B33E798233E
empty,FSimpleElementGammaPS_LinearEncodedSE_BLEND_TranslucentDistanceField,Global,None,None,None,SF_Pixel,GLSL_ES2,null,Perm_0,8FD032B5E84F7E1F1559C4F913EC198EEE1FB727
empty,FSimpleElementGammaPS_LinearEncodedSE_BLEND_MaskedDistanceFieldShadowed,Global,None,None,None,SF_Pixel,GLSL_ES2,null,Perm_0,7174ED579D5E52C78451C72EC7B4041A211DD33A
empty,FSimpleElementGammaPS_LinearEncodedSE_BLEND_MaskedDistanceField,Global,None,None,None,SF_Pixel,GLSL_ES2,null,Perm_0,7174ED579D5E52C78451C72EC7B4041A211DD33A
empty,FSimpleElementGammaPS_LinearEncodedSE_BLEND_Modulate,Global,None,None,None,SF_Pixel,GLSL_ES2,null,Perm_0,31D41FB33F8BF0222D94689D21A304E4AE3360A7
empty,FSimpleElementGammaPS_LinearEncodedSE_BLEND_Additive,Global,None,None,None,SF_Pixel,GLSL_ES2,null,Perm_0,F2D228BB0296291F11C0FFE72CF3DC250CF55565
empty,FSimpleElementGammaPS_LinearEncodedSE_BLEND_Translucent,Global,None,None,None,SF_Pixel,GLSL_ES2,null,Perm_0,8FD032B5E84F7E1F1559C4F913EC198EEE1FB727
empty,FSimpleElementGammaPS_LinearEncodedSE_BLEND_Masked,Global,None,None,None,SF_Pixel,GLSL_ES2,null,Perm_0,7174ED579D5E52C78451C72EC7B4041A211DD33A
empty,FSimpleElementGammaPS_LinearEncodedSE_BLEND_Opaque,Global,None,None,None,SF_Pixel,GLSL_ES2,null,Perm_0,7174ED579D5E52C78451C72EC7B4041A211DD33A
empty,FSimpleElementGammaPS_SRGBEncodedSE_BLEND_TranslucentAlphaOnlyWriteAlpha,Global,None,None,None,SF_Pixel,GLSL_ES2,null,Perm_0,396510840BDAC841B76AD7BFCD60253E297E1ABD
empty,FSimpleElementGammaPS_SRGBEncodedSE_BLEND_TranslucentAlphaOnly,Global,None,None,None,SF_Pixel,GLSL_ES2,null,Perm_0,396510840BDAC841B76AD7BFCD60253E297E1ABD
empty,FSimpleElementGammaPS_SRGBEncodedSE_BLEND_AlphaBlend,Global,None,None,None,SF_Pixel,GLSL_ES2,null,Perm_0,396510840BDAC841B76AD7BFCD60253E297E1ABD
empty,FSimpleElementGammaPS_SRGBEncodedSE_BLEND_TranslucentDistanceFieldShadowed,Global,None,None,None,SF_Pixel,GLSL_ES2,null,Perm_0,396510840BDAC841B76AD7BFCD60253E297E1ABD
empty,FSimpleElementGammaPS_SRGBEncodedSE_BLEND_AlphaComposite,Global,None,None,None,SF_Pixel,GLSL_ES2,null,Perm_0,CC663293C937036294F845A4F71DD3B604B1E696
empty,FSimpleElementGammaPS_SRGBEncodedSE_BLEND_TranslucentDistanceField,Global,None,None,None,SF_Pixel,GLSL_ES2,null,Perm_0,396510840BDAC841B76AD7BFCD60253E297E1ABD
empty,FSimpleElementGammaPS_SRGBEncodedSE_BLEND_MaskedDistanceFieldShadowed,Global,None,None,None,SF_Pixel,GLSL_ES2,null,Perm_0,79EE075EA4767C0210BEE465B9E01D05F2CBEA18
empty,FSimpleElementGammaPS_SRGBEncodedSE_BLEND_MaskedDistanceField,Global,None,None,None,SF_Pixel,GLSL_ES2,null,Perm_0,79EE075EA4767C0210BEE465B9E01D05F2CBEA18
empty,FSimpleElementGammaPS_SRGBEncodedSE_BLEND_Modulate,Global,None,None,None,SF_Pixel,GLSL_ES2,null,Perm_0,F9DEBF8AB6D5FCEC084FA45F95BE9DE28BB364C0
empty,FSimpleElementGammaPS_SRGBEncodedSE_BLEND_Additive,Global,None,None,None,SF_Pixel,GLSL_ES2,null,Perm_0,387BF09CB7B6339D3232F9E16B7D797CB8AF4C9C
empty,FSimpleElementGammaPS_SRGBEncodedSE_BLEND_Translucent,Global,None,None,None,SF_Pixel,GLSL_ES2,null,Perm_0,396510840BDAC841B76AD7BFCD60253E297E1ABD
empty,FSimpleElementGammaPS_SRGBEncodedSE_BLEND_Masked,Global,None,None,None,SF_Pixel,GLSL_ES2,null,Perm_0,79EE075EA4767C0210BEE465B9E01D05F2CBEA18
empty,FSimpleElementGammaPS_SRGBEncodedSE_BLEND_Opaque,Global,None,None,None,SF_Pixel,GLSL_ES2,null,Perm_0,79EE075EA4767C0210BEE465B9E01D05F2CBEA18
empty,FSimpleElementAlphaOnlyPSEncodedSE_BLEND_TranslucentAlphaOnlyWriteAlpha,Global,None,None,None,SF_Pixel,GLSL_ES2,null,Perm_0,704A73ED784529844E7D9376A65CDBACF8E8644C
empty,FSimpleElementAlphaOnlyPSEncodedSE_BLEND_TranslucentAlphaOnly,Global,None,None,None,SF_Pixel,GLSL_ES2,null,Perm_0,704A73ED784529844E7D9376A65CDBACF8E8644C
empty,FSimpleElementAlphaOnlyPSEncodedSE_BLEND_AlphaBlend,Global,None,None,None,SF_Pixel,GLSL_ES2,null,Perm_0,704A73ED784529844E7D9376A65CDBACF8E8644C
empty,FSimpleElementAlphaOnlyPSEncodedSE_BLEND_TranslucentDistanceFieldShadowed,Global,None,None,None,SF_Pixel,GLSL_ES2,null,Perm_0,704A73ED784529844E7D9376A65CDBACF8E8644C
empty,FSimpleElementAlphaOnlyPSEncodedSE_BLEND_AlphaComposite,Global,None,None,None,SF_Pixel,GLSL_ES2,null,Perm_0,F15394FC7C17DC1635D2757BE80D1AE785B8CA92
empty,FSimpleElementAlphaOnlyPSEncodedSE_BLEND_TranslucentDistanceField,Global,None,None,None,SF_Pixel,GLSL_ES2,null,Perm_0,704A73ED784529844E7D9376A65CDBACF8E8644C
empty,FSimpleElementAlphaOnlyPSEncodedSE_BLEND_MaskedDistanceFieldShadowed,Global,None,None,None,SF_Pixel,GLSL_ES2,null,Perm_0,7BEA16A9C37552E112CFD6E1FA741B3349EF4B0D
empty,FSimpleElementAlphaOnlyPSEncodedSE_BLEND_MaskedDistanceField,Global,None,None,None,SF_Pixel,GLSL_ES2,null,Perm_0,7BEA16A9C37552E112CFD6E1FA741B3349EF4B0D
empty,FSimpleElementAlphaOnlyPSEncodedSE_BLEND_Modulate,Global,None,None,None,SF_Pixel,GLSL_ES2,null,Perm_0,2477DA14691611218C662A9B145CB87931608BD3
empty,FSimpleElementAlphaOnlyPSEncodedSE_BLEND_Additive,Global,None,None,None,SF_Pixel,GLSL_ES2,null,Perm_0,9338F975E2A4E6A7D5A120F0FE2291B4B480C191
empty,FSimpleElementAlphaOnlyPSEncodedSE_BLEND_Translucent,Global,None,None,None,SF_Pixel,GLSL_ES2,null,Perm_0,704A73ED784529844E7D9376A65CDBACF8E8644C
empty,FSimpleElementAlphaOnlyPSEncodedSE_BLEND_Masked,Global,None,None,None,SF_Pixel,GLSL_ES2,null,Perm_0,7BEA16A9C37552E112CFD6E1FA741B3349EF4B0D
empty,FSimpleElementAlphaOnlyPSEncodedSE_BLEND_Opaque,Global,None,None,None,SF_Pixel,GLSL_ES2,null,Perm_0,7BEA16A9C37552E112CFD6E1FA741B3349EF4B0D
empty,FSimpleElementPSEncodedSE_BLEND_TranslucentAlphaOnlyWriteAlpha,Global,None,None,None,SF_Pixel,GLSL_ES2,null,Perm_0,D3A61E828390EE5080E9AEDCCC381ECE58CD3DBE
empty,FSimpleElementPSEncodedSE_BLEND_TranslucentAlphaOnly,Global,None,None,None,SF_Pixel,GLSL_ES2,null,Perm_0,D3A61E828390EE5080E9AEDCCC381ECE58CD3DBE
empty,FSimpleElementPSEncodedSE_BLEND_AlphaBlend,Global,None,None,None,SF_Pixel,GLSL_ES2,null,Perm_0,D3A61E828390EE5080E9AEDCCC381ECE58CD3DBE
empty,FSimpleElementPSEncodedSE_BLEND_TranslucentDistanceFieldShadowed,Global,None,None,None,SF_Pixel,GLSL_ES2,null,Perm_0,D3A61E828390EE5080E9AEDCCC381ECE58CD3DBE
empty,FSimpleElementPSEncodedSE_BLEND_AlphaComposite,Global,None,None,None,SF_Pixel,GLSL_ES2,null,Perm_0,4DCA2179EABA10E658F8A25E38EAA5B9290A30A4
empty,FSimpleElementPSEncodedSE_BLEND_TranslucentDistanceField,Global,None,None,None,SF_Pixel,GLSL_ES2,null,Perm_0,D3A61E828390EE5080E9AEDCCC381ECE58CD3DBE
empty,FSimpleElementPSEncodedSE_BLEND_MaskedDistanceFieldShadowed,Global,None,None,None,SF_Pixel,GLSL_ES2,null,Perm_0,28C5EABF8E134F5A1BEF9C6F1FAE0ADD55DDEE45
empty,FSimpleElementPSEncodedSE_BLEND_MaskedDistanceField,Global,None,None,None,SF_Pixel,GLSL_ES2,null,Perm_0,28C5EABF8E134F5A1BEF9C6F1FAE0ADD55DDEE45
empty,FSimpleElementPSEncodedSE_BLEND_Modulate,Global,None,None,None,SF_Pixel,GLSL_ES2,null,Perm_0,C7A3DCD89513595B8FC654C82938DBC39E4A86D3
empty,FSimpleElementPSEncodedSE_BLEND_Additive,Global,None,None,None,SF_Pixel,GLSL_ES2,null,Perm_0,3F79A51A458296F4216952F2D201ED272E115566
empty,FSimpleElementPSEncodedSE_BLEND_Translucent,Global,None,None,None,SF_Pixel,GLSL_ES2,null,Perm_0,D3A61E828390EE5080E9AEDCCC381ECE58CD3DBE
empty,FSimpleElementPSEncodedSE_BLEND_Masked,Global,None,None,None,SF_Pixel,GLSL_ES2,null,Perm_0,28C5EABF8E134F5A1BEF9C6F1FAE0ADD55DDEE45
empty,FSimpleElementPSEncodedSE_BLEND_Opaque,Global,None,None,None,SF_Pixel,GLSL_ES2,null,Perm_0,28C5EABF8E134F5A1BEF9C6F1FAE0ADD55DDEE45
empty,FSimpleElementDistanceFieldGammaPS,Global,None,None,None,SF_Pixel,GLSL_ES2,null,Perm_0,4A617B80D986F85CB387F3FB5C650B61A4ECAF78
empty,FSimpleElementMaskedGammaPS_Linear,Global,None,None,None,SF_Pixel,GLSL_ES2,null,Perm_0,9178FF718EF8736C99B477C5FABC701D8CB0BAD4
empty,FSimpleElementMaskedGammaPS_SRGB,Global,None,None,None,SF_Pixel,GLSL_ES2,null,Perm_0,2FF982A7E97AB2A28DF2FF8549D73CD2A8D19A24
empty,FSimpleElementGammaAlphaOnlyPS,Global,None,None,None,SF_Pixel,GLSL_ES2,null,Perm_0,EBDBD14B9458B58D7C8231855CF18D5F71D0C1E6
empty,FSimpleElementGammaPS_Linear,Global,None,None,None,SF_Pixel,GLSL_ES2,null,Perm_0,CB9B0AA3848B2BE838DAF892FAFD86ABFCBDE345
empty,FSimpleElementGammaPS_SRGB,Global,None,None,None,SF_Pixel,GLSL_ES2,null,Perm_0,0B22CD8F3B230CD6D92B0DAB026E6BC18AB4F606
empty,FSimpleElementAlphaOnlyPS,Global,None,None,None,SF_Pixel,GLSL_ES2,null,Perm_0,08A65C81F99B27F5218570A6FDF5C2F6BC589397
empty,FSimpleElementPS,Global,None,None,None,SF_Pixel,GLSL_ES2,null,Perm_0,C523AD256ACFC60773D1635238CD1058E20AF27B
empty,FSimpleElementVS,Global,None,None,None,SF_Vertex,GLSL_ES2,null,Perm_0,59F9736B5F3223BDA1E703FE6DAD888538FAFAA7
empty,FScreenPS_OSE,Global,None,None,None,SF_Pixel,GLSL_ES2,null,Perm_0,89907D4688BD03FBF9242310B99DC24D0B876626
empty,FScreenVS,Global,None,None,None,SF_Vertex,GLSL_ES2,null,Perm_0,90B9BF3C75C24EA2F9F8C10BA1B8F5387C90A75B
empty,FScreenPS,Global,None,None,None,SF_Pixel,GLSL_ES2,null,Perm_0,1A16E883643E2CA832CE0B6A532B5CD37E7C430E
empty,FParticleSimVisualizePS,Global,None,None,None,SF_Pixel,GLSL_ES2,null,Perm_0,E9E98A0FC1485114D0D21539EBC9412454580AEB
empty,FParticleSimVisualizeVS,Global,None,None,None,SF_Vertex,GLSL_ES2,null,Perm_0,54BEDDB694B20BE3D4F34CC3C60F128991BC7765
empty,TParticleInjectionPS<true>,Global,None,None,None,SF_Pixel,GLSL_ES2,null,Perm_0,862EE085CE40E0D105C81F3D692133B10964FC34
empty,TParticleInjectionPS<false>,Global,None,None,None,SF_Pixel,GLSL_ES2,null,Perm_0,5E0257916B56F582F47C1C05D427294931019EFB
empty,FParticleInjectionVS,Global,None,None,None,SF_Vertex,GLSL_ES2,null,Perm_0,492C8DA67B86223A9041989E6CB5495DEDBDE126
empty,FParticleSimulationClearPS,Global,None,None,None,SF_Pixel,GLSL_ES2,null,Perm_0,2CB31066962EFD82024036912E0B247CD895C56B
empty,TParticleSimulationPS<PCM_None>,Global,None,None,None,SF_Pixel,GLSL_ES2,null,Perm_0,577010D41192EA03390F1CF637CE2045F70B8B9A
empty,FParticleTileVS,Global,None,None,None,SF_Vertex,GLSL_ES2,null,Perm_0,541F4C74FB8329D79D6DFD136ED9991D2BF0EAAD
empty,FParticleCurveInjectionPS,Global,None,None,None,SF_Pixel,GLSL_ES2,null,Perm_0,449E6D560AB05189AD3358906B4EFE1AEAC5957B
empty,FParticleCurveInjectionVS,Global,None,None,None,SF_Vertex,GLSL_ES2,null,Perm_0,937ECDAC1E01431780B80199FD0AE5757435163B
empty,FCubemapTexturePropertiesPS<true>,Global,None,None,None,SF_Pixel,GLSL_ES2,null,Perm_0,F990EEFCB34FC8AA8E2AAD90ED47CAAD31B304E2
empty,FCubemapTexturePropertiesPS<false>,Global,None,None,None,SF_Pixel,GLSL_ES2,null,Perm_0,F46761982A62493989B5118683223DB30A054560
empty,FCubemapTexturePropertiesVS,Global,None,None,None,SF_Vertex,GLSL_ES2,null,Perm_0,A7330B77FF30FF53DA6C0078006A76E3E2BFEA56
empty,TModulatedShadowProjection<5>,Global,None,None,None,SF_Pixel,GLSL_ES2,null,Perm_0,C6849F388489FADDCD399BC2DA12FEED76705AB1
empty,TModulatedShadowProjection<4>,Global,None,None,None,SF_Pixel,GLSL_ES2,null,Perm_0,C6849F388489FADDCD399BC2DA12FEED76705AB1
empty,TModulatedShadowProjection<3>,Global,None,None,None,SF_Pixel,GLSL_ES2,null,Perm_0,E513E820B95635A1CEFA891DDD288FBACC84F336
empty,TModulatedShadowProjection<2>,Global,None,None,None,SF_Pixel,GLSL_ES2,null,Perm_0,9970ADAF2D3C4B936503B5ED0F554F3DA20B7904
empty,TModulatedShadowProjection<1>,Global,None,None,None,SF_Pixel,GLSL_ES2,null,Perm_0,18BB00DDE95496E42C3BD3B39D6A1B4696A5DD6F
empty,FShadowVolumeBoundProjectionVS,Global,None,None,None,SF_Vertex,GLSL_ES2,null,Perm_0,08AA3812E497820FA5638C5C22C5CC3DEAA438A5
empty,FShadowProjectionNoTransformVS,Global,None,None,None,SF_Vertex,GLSL_ES2,null,Perm_0,2B970AE894403FAAF67AF74A0A4DB2FB2B227A4B
empty,TShaderComplexityAccumulatePS,Global,None,None,None,SF_Pixel,GLSL_ES2,null,Perm_0,DB3CDDAA7582ABFB15D4A4298D2E134D7FB45894
empty,FODSCapturePS,Global,None,None,None,SF_Pixel,GLSL_ES2,null,Perm_0,2A698A5841F4860FD688632E1CA190FE86C2D0E3
empty,FAccumulateCubeFacesPS,Global,None,None,None,SF_Pixel,GLSL_ES2,null,Perm_0,971C6D05F9B8C3DC1A1FE9704B8051FB651E3AD4
empty,FAccumulateDiffuseIrradiancePS,Global,None,None,None,SF_Pixel,GLSL_ES2,null,Perm_0,B9E31E3F43A535161AB81DFBA927258F57431416
empty,FCopyDiffuseIrradiancePS,Global,None,None,None,SF_Pixel,GLSL_ES2,null,Perm_0,8129422B46208A4E624325782AFAEB973086B54F
empty,FCopyCubemapToCubeFacePS,Global,None,None,None,SF_Pixel,GLSL_ES2,null,Perm_0,134D79C9E01B4A5DCF17B9ABC1068AD772FDA0AC
empty,FCopySceneColorToCubeFacePS,Global,None,None,None,SF_Pixel,GLSL_ES2,null,Perm_0,E6886FCB77B0A18827361EEB4DF6A1E947903DC2
empty,FCopyToCubeFaceVS,Global,None,None,None,SF_Vertex,GLSL_ES2,null,Perm_0,C253F81E022F48C8A9E43C5957BA113646366B77
empty,FComputeBrightnessPS,Global,None,None,None,SF_Pixel,GLSL_ES2,null,Perm_0,3841CB7C3EF8DCC7B8434DE5D338C9693A2E0FAE
empty,TCubeFilterPS<1>,Global,None,None,None,SF_Pixel,GLSL_ES2,null,Perm_0,AFE0D120F3C42FBC9ACDFA5F5E186109088A89AC
empty,TCubeFilterPS<0>,Global,None,None,None,SF_Pixel,GLSL_ES2,null,Perm_0,AFE0D120F3C42FBC9ACDFA5F5E186109088A89AC
empty,FCubeFilterPS,Global,None,None,None,SF_Pixel,GLSL_ES2,null,Perm_0,DD4524B3982A3440DC1B0E2C45355742FDD7CDC8
empty,FVisualizeTexturePresentPS,Global,None,None,None,SF_Pixel,GLSL_ES2,null,Perm_0,5426DADA504156D682FEEC6198F9954CFFAF3DD6
empty,VisualizeTexturePSTexture2DUINT8,Global,None,None,None,SF_Pixel,GLSL_ES2,null,Perm_0,41F23202E3AFB4E8EDC702378114AEC9CE4FAE62
empty,VisualizeTexturePSTexture2DDepthStencilNoMSAA,Global,None,None,None,SF_Pixel,GLSL_ES2,null,Perm_0,5C6445A4BFACECC21721FD10EB410AAD9B6BDDB6
empty,VisualizeTexturePSTexture2DMSAA,Global,None,None,None,SF_Pixel,GLSL_ES2,null,Perm_0,59578B777472ED9E504CA00AAFB1FC4D9D253B5D
empty,VisualizeTexturePSCubeArray,Global,None,None,None,SF_Pixel,GLSL_ES2,null,Perm_0,5F57BEFFFFBAA288A0629F8C81EE33179B815E60
empty,VisualizeTexturePSTexture3D,Global,None,None,None,SF_Pixel,GLSL_ES2,null,Perm_0,5F57BEFFFFBAA288A0629F8C81EE33179B815E60
empty,VisualizeTexturePSTexture2DNoMSAA,Global,None,None,None,SF_Pixel,GLSL_ES2,null,Perm_0,5C6445A4BFACECC21721FD10EB410AAD9B6BDDB6
empty,VisualizeTexturePSCube,Global,None,None,None,SF_Pixel,GLSL_ES2,null,Perm_0,7276B50E7C5B04DD5818719742FA3EF114135780
empty,TFilterVS<7>,Global,None,None,None,SF_Vertex,GLSL_ES2,null,Perm_0,50CBD586E056E1A7CAD609603A8B3AB82FD62D02
empty,TFilterVS<6>,Global,None,None,None,SF_Vertex,GLSL_ES2,null,Perm_0,11823B1D4DDA06E91CDED4E5DBC6F4A2CCA1C4B0
empty,TFilterVS<5>,Global,None,None,None,SF_Vertex,GLSL_ES2,null,Perm_0,841EF511D7F4CE8F4A799D2C98196BDB99BC58EE
empty,TFilterVS<4>,Global,None,None,None,SF_Vertex,GLSL_ES2,null,Perm_0,68A883DB6407B85851E37A4DDF707A144CBAFFD8
empty,TFilterVS<3>,Global,None,None,None,SF_Vertex,GLSL_ES2,null,Perm_0,59CC06E151F297EC9EB72DFFF93E511EC3FE1AD3
empty,TFilterVS<2>,Global,None,None,None,SF_Vertex,GLSL_ES2,null,Perm_0,1524F9CF014F549824A6B3B0CCB21729117C5CA9
empty,TFilterVS<1>,Global,None,None,None,SF_Vertex,GLSL_ES2,null,Perm_0,10343392E5C518DB963CEDD27463C201693974BF
empty,TFilterPS72true,Global,None,None,None,SF_Pixel,GLSL_ES2,null,Perm_0,140E9F68E293ACA68E2B929EFA2F072B516E38DE
empty,TFilterPS72false,Global,None,None,None,SF_Pixel,GLSL_ES2,null,Perm_0,248393E6264E637CE94FFB23563E7C30DC0CF009
empty,TFilterPS71true,Global,None,None,None,SF_Pixel,GLSL_ES2,null,Perm_0,7C7270ED0CFE6C6734B3845D7E718064C89B9D73
empty,TFilterPS71false,Global,None,None,None,SF_Pixel,GLSL_ES2,null,Perm_0,635FF0B2777B513737752F8C1C7511CAA77BE3E4
empty,TFilterPS70true,Global,None,None,None,SF_Pixel,GLSL_ES2,null,Perm_0,140E9F68E293ACA68E2B929EFA2F072B516E38DE
empty,TFilterPS70false,Global,None,None,None,SF_Pixel,GLSL_ES2,null,Perm_0,248393E6264E637CE94FFB23563E7C30DC0CF009
empty,TFilterPS62true,Global,None,None,None,SF_Pixel,GLSL_ES2,null,Perm_0,AF398B8E9779B8D7D303DDE8AB65FFD66D287B05
empty,TFilterPS62false,Global,None,None,None,SF_Pixel,GLSL_ES2,null,Perm_0,B5F3001E40A2AE406EC13FA922EBD2E58259B43C
empty,TFilterPS61true,Global,None,None,None,SF_Pixel,GLSL_ES2,null,Perm_0,232E47AC65353C93764E85D9858EFD200F1CCF3D
empty,TFilterPS61false,Global,None,None,None,SF_Pixel,GLSL_ES2,null,Perm_0,775E60ACE1298B5BF393665E5C22C519DA000727
empty,TFilterPS60true,Global,None,None,None,SF_Pixel,GLSL_ES2,null,Perm_0,AF398B8E9779B8D7D303DDE8AB65FFD66D287B05
empty,TFilterPS60false,Global,None,None,None,SF_Pixel,GLSL_ES2,null,Perm_0,B5F3001E40A2AE406EC13FA922EBD2E58259B43C
empty,TFilterPS52true,Global,None,None,None,SF_Pixel,GLSL_ES2,null,Perm_0,1BDD1F91D16578604FCC9AEB486AC84FEEF90FE6
empty,TFilterPS52false,Global,None,None,None,SF_Pixel,GLSL_ES2,null,Perm_0,1B3FFC4A36B2C0C99C7B5C02139C35401B83B7FD
empty,TFilterPS51true,Global,None,None,None,SF_Pixel,GLSL_ES2,null,Perm_0,D79D5C610FC7EFEA003DE7D54700AE10D3FDEB41
empty,TFilterPS51false,Global,None,None,None,SF_Pixel,GLSL_ES2,null,Perm_0,160E087998BC551906C83A45FBBF311F04A39DC5
empty,TFilterPS50true,Global,None,None,None,SF_Pixel,GLSL_ES2,null,Perm_0,1BDD1F91D16578604FCC9AEB486AC84FEEF90FE6
empty,TFilterPS50false,Global,None,None,None,SF_Pixel,GLSL_ES2,null,Perm_0,1B3FFC4A36B2C0C99C7B5C02139C35401B83B7FD
empty,TFilterPS42true,Global,None,None,None,SF_Pixel,GLSL_ES2,null,Perm_0,C734866A9B9BE0A8C5AB006CFA5975918B48C1C5
empty,TFilterPS42false,Global,None,None,None,SF_Pixel,GLSL_ES2,null,Perm_0,6D8A1821AF12D8A0330F51C43E561566FF5C7C07
empty,TFilterPS41true,Global,None,None,None,SF_Pixel,GLSL_ES2,null,Perm_0,EF81B372D7C0D6C4184598C0C3B947AD21840C7E
empty,TFilterPS41false,Global,None,None,None,SF_Pixel,GLSL_ES2,null,Perm_0,D2F192A5D3BADAD55DD5F019DEB49FCED802250F
empty,TFilterPS40true,Global,None,None,None,SF_Pixel,GLSL_ES2,null,Perm_0,C734866A9B9BE0A8C5AB006CFA5975918B48C1C5
empty,TFilterPS40false,Global,None,None,None,SF_Pixel,GLSL_ES2,null,Perm_0,6D8A1821AF12D8A0330F51C43E561566FF5C7C07
empty,TFilterPS32true,Global,None,None,None,SF_Pixel,GLSL_ES2,null,Perm_0,15891288C3033A0BA4BB981E4F8358DD6F032FF7
empty,TFilterPS32false,Global,None,None,None,SF_Pixel,GLSL_ES2,null,Perm_0,AE7688DF8838F276606C2EA149C07F1996FB5C30
empty,TFilterPS31true,Global,None,None,None,SF_Pixel,GLSL_ES2,null,Perm_0,36FBE5CC7815E06ED52BBD37D5784DBAF5D24AE9
empty,TFilterPS31false,Global,None,None,None,SF_Pixel,GLSL_ES2,null,Perm_0,5DF082BCD582DC0DD5BE8F6DEA31EF8D973F7460
empty,TFilterPS30true,Global,None,None,None,SF_Pixel,GLSL_ES2,null,Perm_0,15891288C3033A0BA4BB981E4F8358DD6F032FF7
empty,TFilterPS30false,Global,None,None,None,SF_Pixel,GLSL_ES2,null,Perm_0,AE7688DF8838F276606C2EA149C07F1996FB5C30
empty,TFilterPS22true,Global,None,None,None,SF_Pixel,GLSL_ES2,null,Perm_0,6CFBF854A0D9EBF438C708FF70D0CFFA5E770734
empty,TFilterPS22false,Global,None,None,None,SF_Pixel,GLSL_ES2,null,Perm_0,BF3C0B9D7B126E426DECC7B8026189837E1CC11F
empty,TFilterPS21true,Global,None,None,None,SF_Pixel,GLSL_ES2,null,Perm_0,1960C6D30D16B7FBEAC0F89F858D78344B736E49
empty,TFilterPS21false,Global,None,None,None,SF_Pixel,GLSL_ES2,null,Perm_0,9F9F71B52BDD380F329A99F7442F29BBF9699864
empty,TFilterPS20true,Global,None,None,None,SF_Pixel,GLSL_ES2,null,Perm_0,6CFBF854A0D9EBF438C708FF70D0CFFA5E770734
empty,TFilterPS20false,Global,None,None,None,SF_Pixel,GLSL_ES2,null,Perm_0,BF3C0B9D7B126E426DECC7B8026189837E1CC11F
empty,TFilterPS12true,Global,None,None,None,SF_Pixel,GLSL_ES2,null,Perm_0,BFD51FFD2B214F419D2BCE14C1E961366BBC6B4F
empty,TFilterPS12false,Global,None,None,None,SF_Pixel,GLSL_ES2,null,Perm_0,A83F779FEBDFFBFC793F79AFB56670097EA2C9F5
empty,TFilterPS11true,Global,None,None,None,SF_Pixel,GLSL_ES2,null,Perm_0,EA9BDD6272DF4385364FFAE8CA760D4706A91904
empty,TFilterPS11false,Global,None,None,None,SF_Pixel,GLSL_ES2,null,Perm_0,36BC79841F1869906A55278C4EDF21449C1A8ECF
empty,TFilterPS10true,Global,None,None,None,SF_Pixel,GLSL_ES2,null,Perm_0,BFD51FFD2B214F419D2BCE14C1E961366BBC6B4F
empty,TFilterPS10false,Global,None,None,None,SF_Pixel,GLSL_ES2,null,Perm_0,A83F779FEBDFFBFC793F79AFB56670097EA2C9F5
empty,TFilterPS02true,Global,None,None,None,SF_Pixel,GLSL_ES2,null,Perm_0,12B934558C32F43010B162A45EC1A5243AE0C4F2
empty,TFilterPS02false,Global,None,None,None,SF_Pixel,GLSL_ES2,null,Perm_0,B893DBD1812820FAB1BDE3114BAB08BCC3043D6C
empty,TFilterPS01true,Global,None,None,None,SF_Pixel,GLSL_ES2,null,Perm_0,D6B41AE33F984CC79B5F95707E8ABDD1A98E3C94
empty,TFilterPS01false,Global,None,None,None,SF_Pixel,GLSL_ES2,null,Perm_0,7A244F3A792A5DFA68C24D256F58120726F1D886
empty,TFilterPS00true,Global,None,None,None,SF_Pixel,GLSL_ES2,null,Perm_0,12B934558C32F43010B162A45EC1A5243AE0C4F2
empty,TFilterPS00false,Global,None,None,None,SF_Pixel,GLSL_ES2,null,Perm_0,B893DBD1812820FAB1BDE3114BAB08BCC3043D6C
empty,FVisualizeComplexityApplyPS,Global,None,None,None,SF_Pixel,GLSL_ES2,null,Perm_0,994AF7621242CDCBC7D5A193DD2CBB5AC3E20172
empty,FPostProcessUpscalePS1true,Global,None,None,None,SF_Pixel,GLSL_ES2,null,Perm_0,5AF0F71F4DA2A3E570186E9E46FE500116576901
empty,FPostProcessUpscalePS1false,Global,None,None,None,SF_Pixel,GLSL_ES2,null,Perm_0,63F3D5F4147BFC9DA6B9C5EE8E3BBBF42B25BB99
empty,FPostProcessUpscalePS0true,Global,None,None,None,SF_Pixel,GLSL_ES2,null,Perm_0,5B6D84413C30E1EC842F060F4AB0CA741A1725FD
empty,FPostProcessUpscalePS0false,Global,None,None,None,SF_Pixel,GLSL_ES2,null,Perm_0,5B6D84413C30E1EC842F060F4AB0CA741A1725FD
empty,FPostProcessUpscaleVS,Global,None,None,None,SF_Vertex,GLSL_ES2,null,Perm_0,DAD579CD179C0355A2D4B86F1781C9425D2D3E2A
empty,FPostProcessTonemapPS_ES2,Global,None,None,None,SF_Pixel,GLSL_ES2,null,Perm_7693,085E33F2CD85295AC285AC66F46859903A0D855D
empty,FPostProcessTonemapPS_ES2,Global,None,None,None,SF_Pixel,GLSL_ES2,null,Perm_7692,085E33F2CD85295AC285AC66F46859903A0D855D
empty,FPostProcessTonemapPS_ES2,Global,None,None,None,SF_Pixel,GLSL_ES2,null,Perm_7689,7F11CFD72DEADC4110E14D64CF36081CE4FB5DC2
empty,FPostProcessTonemapPS_ES2,Global,None,None,None,SF_Pixel,GLSL_ES2,null,Perm_7688,7F11CFD72DEADC4110E14D64CF36081CE4FB5DC2
empty,FPostProcessTonemapPS_ES2,Global,None,None,None,SF_Pixel,GLSL_ES2,null,Perm_7685,65E41A545E6A6BB51847B796BE4BAC9DC29DE921
empty,FPostProcessTonemapPS_ES2,Global,None,None,None,SF_Pixel,GLSL_ES2,null,Perm_7684,BD7323685EED9D93FDAD228271D6BBAFDD1C5555
empty,FPostProcessTonemapPS_ES2,Global,None,None,None,SF_Pixel,GLSL_ES2,null,Perm_7681,FDF2C9663B145BD8153C16510CA6AAC959969B8C
empty,FPostProcessTonemapPS_ES2,Global,None,None,None,SF_Pixel,GLSL_ES2,null,Perm_7680,50ACC2BDA8F67176CB493FBFA167F196D3954AAC
empty,FPostProcessTonemapPS_ES2,Global,None,None,None,SF_Pixel,GLSL_ES2,null,Perm_7629,DD55A7278B2CEF714E1DA7C7DE3D6397A8C3C61C
empty,FPostProcessTonemapPS_ES2,Global,None,None,None,SF_Pixel,GLSL_ES2,null,Perm_7625,0DBF7F8A90D839E2F1789A8DFC425B318B752695
empty,FPostProcessTonemapPS_ES2,Global,None,None,None,SF_Pixel,GLSL_ES2,null,Perm_7565,A91C226FF07838C136D88DE089FE570444996BEE
empty,FPostProcessTonemapPS_ES2,Global,None,None,None,SF_Pixel,GLSL_ES2,null,Perm_7561,DAC39FBB9D2C6BCC4CE1C8877571DE8A96AD78C6
empty,FPostProcessTonemapPS_ES2,Global,None,None,None,SF_Pixel,GLSL_ES2,null,Perm_7501,CAE9180A636EC4C2637806BE5CD2B4418104B4BE
empty,FPostProcessTonemapPS_ES2,Global,None,None,None,SF_Pixel,GLSL_ES2,null,Perm_7497,14F85848B67C79DEAC3C29502B8E8216A429DB64
empty,FPostProcessTonemapPS_ES2,Global,None,None,None,SF_Pixel,GLSL_ES2,null,Perm_7437,F961A3F2B685AB573C34C3EEC8F724CAD0509D2B
empty,FPostProcessTonemapPS_ES2,Global,None,None,None,SF_Pixel,GLSL_ES2,null,Perm_7433,43A7B1A61B81781B8265A08C9BE13B44E2AA63CC
empty,FPostProcessTonemapPS_ES2,Global,None,None,None,SF_Pixel,GLSL_ES2,null,Perm_7245,CAE9180A636EC4C2637806BE5CD2B4418104B4BE
empty,FPostProcessTonemapPS_ES2,Global,None,None,None,SF_Pixel,GLSL_ES2,null,Perm_7244,CAE9180A636EC4C2637806BE5CD2B4418104B4BE
empty,FPostProcessTonemapPS_ES2,Global,None,None,None,SF_Pixel,GLSL_ES2,null,Perm_7241,14F85848B67C79DEAC3C29502B8E8216A429DB64
empty,FPostProcessTonemapPS_ES2,Global,None,None,None,SF_Pixel,GLSL_ES2,null,Perm_7240,14F85848B67C79DEAC3C29502B8E8216A429DB64
empty,FPostProcessTonemapPS_ES2,Global,None,None,None,SF_Pixel,GLSL_ES2,null,Perm_7237,CAE9180A636EC4C2637806BE5CD2B4418104B4BE
empty,FPostProcessTonemapPS_ES2,Global,None,None,None,SF_Pixel,GLSL_ES2,null,Perm_7236,09DD393B74BF80AAD1C992199F16C063004292DE
empty,FPostProcessTonemapPS_ES2,Global,None,None,None,SF_Pixel,GLSL_ES2,null,Perm_7233,14F85848B67C79DEAC3C29502B8E8216A429DB64
empty,FPostProcessTonemapPS_ES2,Global,None,None,None,SF_Pixel,GLSL_ES2,null,Perm_7232,96BDB24AB135493C299901EA76352BE1FE9306EE
empty,FPostProcessTonemapPS_ES2,Global,None,None,None,SF_Pixel,GLSL_ES2,null,Perm_7181,F961A3F2B685AB573C34C3EEC8F724CAD0509D2B
empty,FPostProcessTonemapPS_ES2,Global,None,None,None,SF_Pixel,GLSL_ES2,null,Perm_7180,F961A3F2B685AB573C34C3EEC8F724CAD0509D2B
empty,FPostProcessTonemapPS_ES2,Global,None,None,None,SF_Pixel,GLSL_ES2,null,Perm_7177,43A7B1A61B81781B8265A08C9BE13B44E2AA63CC
empty,FPostProcessTonemapPS_ES2,Global,None,None,None,SF_Pixel,GLSL_ES2,null,Perm_7176,43A7B1A61B81781B8265A08C9BE13B44E2AA63CC
empty,FPostProcessTonemapPS_ES2,Global,None,None,None,SF_Pixel,GLSL_ES2,null,Perm_7173,F961A3F2B685AB573C34C3EEC8F724CAD0509D2B
empty,FPostProcessTonemapPS_ES2,Global,None,None,None,SF_Pixel,GLSL_ES2,null,Perm_7172,3DC4994200DD06CA7E0256961593DCF32A521190
empty,FPostProcessTonemapPS_ES2,Global,None,None,None,SF_Pixel,GLSL_ES2,null,Perm_7169,43A7B1A61B81781B8265A08C9BE13B44E2AA63CC
empty,FPostProcessTonemapPS_ES2,Global,None,None,None,SF_Pixel,GLSL_ES2,null,Perm_7168,E39F716CFA59E3686507E89A2FAACCA69EEDF1A9
empty,FPostProcessTonemapPS_ES2,Global,None,None,None,SF_Pixel,GLSL_ES2,null,Perm_5645,1723890802CD50FDFC3063C209F8A1F9E1F7C367
empty,FPostProcessTonemapPS_ES2,Global,None,None,None,SF_Pixel,GLSL_ES2,null,Perm_5644,1723890802CD50FDFC3063C209F8A1F9E1F7C367
empty,FPostProcessTonemapPS_ES2,Global,None,None,None,SF_Pixel,GLSL_ES2,null,Perm_5641,6E5981018B282910702BA93D6CAE1DBAC9FF2692
empty,FPostProcessTonemapPS_ES2,Global,None,None,None,SF_Pixel,GLSL_ES2,null,Perm_5640,6E5981018B282910702BA93D6CAE1DBAC9FF2692
empty,FPostProcessTonemapPS_ES2,Global,None,None,None,SF_Pixel,GLSL_ES2,null,Perm_5637,7DBC7902409FEC21E277C79A8C8707A111ED4C6D
empty,FPostProcessTonemapPS_ES2,Global,None,None,None,SF_Pixel,GLSL_ES2,null,Perm_5636,DA5B8E650499F01E96D6736D7A2EF75BCC5BA648
empty,FPostProcessTonemapPS_ES2,Global,None,None,None,SF_Pixel,GLSL_ES2,null,Perm_5633,ED82BFEB2D219800D77F46C31041B16D5CE12518
empty,FPostProcessTonemapPS_ES2,Global,None,None,None,SF_Pixel,GLSL_ES2,null,Perm_5632,0B4B62486B0EA39C5BFA94CBA0911FCB2CA403AF
empty,FPostProcessTonemapPS_ES2,Global,None,None,None,SF_Pixel,GLSL_ES2,null,Perm_5581,EEAA962880B4E1F4F950A56D7830AC78C1D49DE6
empty,FPostProcessTonemapPS_ES2,Global,None,None,None,SF_Pixel,GLSL_ES2,null,Perm_5577,8818027A15DBC916476AA3BC487CF2C4A871EF7C
empty,FPostProcessTonemapPS_ES2,Global,None,None,None,SF_Pixel,GLSL_ES2,null,Perm_5517,8B7DDBE580BF628153EE374FA3E9BD4F75D13585
empty,FPostProcessTonemapPS_ES2,Global,None,None,None,SF_Pixel,GLSL_ES2,null,Perm_5513,AABDF07C05FBD93CF061B81AC01DF25001EA2442
empty,FPostProcessTonemapPS_ES2,Global,None,None,None,SF_Pixel,GLSL_ES2,null,Perm_5453,6A6F457140C7C2159DC01BB0A119235A9319AC75
empty,FPostProcessTonemapPS_ES2,Global,None,None,None,SF_Pixel,GLSL_ES2,null,Perm_5449,41459DF37A9043C2E39A1E626EACE0EC0256D986
empty,FPostProcessTonemapPS_ES2,Global,None,None,None,SF_Pixel,GLSL_ES2,null,Perm_5389,F4C4A65988A33DB59F295A3086AFC1AB3401E483
empty,FPostProcessTonemapPS_ES2,Global,None,None,None,SF_Pixel,GLSL_ES2,null,Perm_5385,68C62937321E846920785D1FDDED71025509CBB6
empty,FPostProcessTonemapPS_ES2,Global,None,None,None,SF_Pixel,GLSL_ES2,null,Perm_5197,6A6F457140C7C2159DC01BB0A119235A9319AC75
empty,FPostProcessTonemapPS_ES2,Global,None,None,None,SF_Pixel,GLSL_ES2,null,Perm_5196,6A6F457140C7C2159DC01BB0A119235A9319AC75
empty,FPostProcessTonemapPS_ES2,Global,None,None,None,SF_Pixel,GLSL_ES2,null,Perm_5193,41459DF37A9043C2E39A1E626EACE0EC0256D986
empty,FPostProcessTonemapPS_ES2,Global,None,None,None,SF_Pixel,GLSL_ES2,null,Perm_5192,41459DF37A9043C2E39A1E626EACE0EC0256D986
empty,FPostProcessTonemapPS_ES2,Global,None,None,None,SF_Pixel,GLSL_ES2,null,Perm_5189,6A6F457140C7C2159DC01BB0A119235A9319AC75
empty,FPostProcessTonemapPS_ES2,Global,None,None,None,SF_Pixel,GLSL_ES2,null,Perm_5188,9D2F6D33AE9ECEEDA0AD382B2050CD6D3F9ABAC8
empty,FPostProcessTonemapPS_ES2,Global,None,None,None,SF_Pixel,GLSL_ES2,null,Perm_5185,41459DF37A9043C2E39A1E626EACE0EC0256D986
empty,FPostProcessTonemapPS_ES2,Global,None,None,None,SF_Pixel,GLSL_ES2,null,Perm_5184,BABCAA45EDEF99AAF510192E59F3098D5734E580
empty,FPostProcessTonemapPS_ES2,Global,None,None,None,SF_Pixel,GLSL_ES2,null,Perm_5133,F4C4A65988A33DB59F295A3086AFC1AB3401E483
empty,FPostProcessTonemapPS_ES2,Global,None,None,None,SF_Pixel,GLSL_ES2,null,Perm_5132,F4C4A65988A33DB59F295A3086AFC1AB3401E483
empty,FPostProcessTonemapPS_ES2,Global,None,None,None,SF_Pixel,GLSL_ES2,null,Perm_5129,68C62937321E846920785D1FDDED71025509CBB6
empty,FPostProcessTonemapPS_ES2,Global,None,None,None,SF_Pixel,GLSL_ES2,null,Perm_5128,68C62937321E846920785D1FDDED71025509CBB6
empty,FPostProcessTonemapPS_ES2,Global,None,None,None,SF_Pixel,GLSL_ES2,null,Perm_5125,F4C4A65988A33DB59F295A3086AFC1AB3401E483
empty,FPostProcessTonemapPS_ES2,Global,None,None,None,SF_Pixel,GLSL_ES2,null,Perm_5124,969E1203E488DE2EA033A3919553870B937DCD5C
empty,FPostProcessTonemapPS_ES2,Global,None,None,None,SF_Pixel,GLSL_ES2,null,Perm_5121,68C62937321E846920785D1FDDED71025509CBB6
empty,FPostProcessTonemapPS_ES2,Global,None,None,None,SF_Pixel,GLSL_ES2,null,Perm_5120,48E3DEA15271CA215F6D1CFF94C4A70AA01449F8
empty,FPostProcessTonemapPS_ES2,Global,None,None,None,SF_Pixel,GLSL_ES2,null,Perm_4621,265423DB025911C180D28248385D6BB359E3A302
empty,FPostProcessTonemapPS_ES2,Global,None,None,None,SF_Pixel,GLSL_ES2,null,Perm_4620,265423DB025911C180D28248385D6BB359E3A302
empty,FPostProcessTonemapPS_ES2,Global,None,None,None,SF_Pixel,GLSL_ES2,null,Perm_4617,EDB382B3F69406F7DB0541BDB7F2295093C63192
empty,FPostProcessTonemapPS_ES2,Global,None,None,None,SF_Pixel,GLSL_ES2,null,Perm_4616,EDB382B3F69406F7DB0541BDB7F2295093C63192
empty,FPostProcessTonemapPS_ES2,Global,None,None,None,SF_Pixel,GLSL_ES2,null,Perm_4613,E513A99D937E19B1D76AA4C17A86869DEA0C8B7F
empty,FPostProcessTonemapPS_ES2,Global,None,None,None,SF_Pixel,GLSL_ES2,null,Perm_4612,2DD11902F1108FF23B06ABF18FDA8C2CAC86D23F
empty,FPostProcessTonemapPS_ES2,Global,None,None,None,SF_Pixel,GLSL_ES2,null,Perm_4609,732674C06F42583E9344EFCD5D066061790C267E
empty,FPostProcessTonemapPS_ES2,Global,None,None,None,SF_Pixel,GLSL_ES2,null,Perm_4608,E1C8875D7111889C8F96809BA4F92D993E06A665
empty,FPostProcessTonemapPS_ES2,Global,None,None,None,SF_Pixel,GLSL_ES2,null,Perm_4557,DF89C20A5950C8886308A4CC4C43E509AE2904EC
empty,FPostProcessTonemapPS_ES2,Global,None,None,None,SF_Pixel,GLSL_ES2,null,Perm_4553,4A7410E32D9C16433513F1A1C7CE47637A358611
empty,FPostProcessTonemapPS_ES2,Global,None,None,None,SF_Pixel,GLSL_ES2,null,Perm_4493,1F5FE5E30E9DEF3A35CDE7CCC27064AF9D49DE19
empty,FPostProcessTonemapPS_ES2,Global,None,None,None,SF_Pixel,GLSL_ES2,null,Perm_4489,7AE50B7A88242C96226856A952772F81D7C7F653
empty,FPostProcessTonemapPS_ES2,Global,None,None,None,SF_Pixel,GLSL_ES2,null,Perm_4429,E552F60833842EEB6C51904E70596C4711BAD9FF
empty,FPostProcessTonemapPS_ES2,Global,None,None,None,SF_Pixel,GLSL_ES2,null,Perm_4425,7F2A50EF8303606EBD72BE5EFD38F7C47DC8061F
empty,FPostProcessTonemapPS_ES2,Global,None,None,None,SF_Pixel,GLSL_ES2,null,Perm_4365,928DEC4D121636784C269A78593DEB008F838749
empty,FPostProcessTonemapPS_ES2,Global,None,None,None,SF_Pixel,GLSL_ES2,null,Perm_4361,D059D7A1EF0DEF9ECB47D278B371BCE83AF60045
empty,FPostProcessTonemapPS_ES2,Global,None,None,None,SF_Pixel,GLSL_ES2,null,Perm_4173,E552F60833842EEB6C51904E70596C4711BAD9FF
empty,FPostProcessTonemapPS_ES2,Global,None,None,None,SF_Pixel,GLSL_ES2,null,Perm_4172,E552F60833842EEB6C51904E70596C4711BAD9FF
empty,FPostProcessTonemapPS_ES2,Global,None,None,None,SF_Pixel,GLSL_ES2,null,Perm_4169,7F2A50EF8303606EBD72BE5EFD38F7C47DC8061F
empty,FPostProcessTonemapPS_ES2,Global,None,None,None,SF_Pixel,GLSL_ES2,null,Perm_4168,7F2A50EF8303606EBD72BE5EFD38F7C47DC8061F
empty,FPostProcessTonemapPS_ES2,Global,None,None,None,SF_Pixel,GLSL_ES2,null,Perm_4165,E552F60833842EEB6C51904E70596C4711BAD9FF
empty,FPostProcessTonemapPS_ES2,Global,None,None,None,SF_Pixel,GLSL_ES2,null,Perm_4164,8E689DDB78EAAB54D07960D13D4D5B8FF3EBDCBD
empty,FPostProcessTonemapPS_ES2,Global,None,None,None,SF_Pixel,GLSL_ES2,null,Perm_4161,7F2A50EF8303606EBD72BE5EFD38F7C47DC8061F
empty,FPostProcessTonemapPS_ES2,Global,None,None,None,SF_Pixel,GLSL_ES2,null,Perm_4160,541C04913D80A5774F471E61321C7D10E679E20F
empty,FPostProcessTonemapPS_ES2,Global,None,None,None,SF_Pixel,GLSL_ES2,null,Perm_4109,928DEC4D121636784C269A78593DEB008F838749
empty,FPostProcessTonemapPS_ES2,Global,None,None,None,SF_Pixel,GLSL_ES2,null,Perm_4108,928DEC4D121636784C269A78593DEB008F838749
empty,FPostProcessTonemapPS_ES2,Global,None,None,None,SF_Pixel,GLSL_ES2,null,Perm_4105,D059D7A1EF0DEF9ECB47D278B371BCE83AF60045
empty,FPostProcessTonemapPS_ES2,Global,None,None,None,SF_Pixel,GLSL_ES2,null,Perm_4104,D059D7A1EF0DEF9ECB47D278B371BCE83AF60045
empty,FPostProcessTonemapPS_ES2,Global,None,None,None,SF_Pixel,GLSL_ES2,null,Perm_4101,928DEC4D121636784C269A78593DEB008F838749
empty,FPostProcessTonemapPS_ES2,Global,None,None,None,SF_Pixel,GLSL_ES2,null,Perm_4100,1FCB16FEDD2407677167791E95AB7238DD9532A4
empty,FPostProcessTonemapPS_ES2,Global,None,None,None,SF_Pixel,GLSL_ES2,null,Perm_4097,D059D7A1EF0DEF9ECB47D278B371BCE83AF60045
empty,FPostProcessTonemapPS_ES2,Global,None,None,None,SF_Pixel,GLSL_ES2,null,Perm_4096,874B3B0D7385BAA6B7C60A165BE4F5D5B9A979F7
empty,FPostProcessTonemapPS_ES2,Global,None,None,None,SF_Pixel,GLSL_ES2,null,Perm_514,B2C1B9FA9649F0F386550BFD8BC8262F83F6DEC0
empty,FPostProcessTonemapPS_ES2,Global,None,None,None,SF_Pixel,GLSL_ES2,null,Perm_2,834C181055A5B322E964A0F0EEB1C8F51A41FE23
empty,FPostProcessTonemapVS_ES2,Global,None,None,None,SF_Vertex,GLSL_ES2,null,Perm_0,482C2B584FA0727F6FB9CAD27C3E4285AAC4AA5A
empty,FPostProcessTonemapPS,Global,None,None,None,SF_Pixel,GLSL_ES2,null,Perm_2045,1187EBF862DBC3BA4B403BD6910FAFEAC5232533
empty,FPostProcessTonemapPS,Global,None,None,None,SF_Pixel,GLSL_ES2,null,Perm_2037,F2FF2FF3066E1BBABDB93B34505B2184F80CE13E
empty,FPostProcessTonemapPS,Global,None,None,None,SF_Pixel,GLSL_ES2,null,Perm_2009,DA0C4EF56C18142CFD049505FE40A8B12012342E
empty,FPostProcessTonemapPS,Global,None,None,None,SF_Pixel,GLSL_ES2,null,Perm_2001,BE59D8B31D494504C490BFA04F9A0BF233B5083E
empty,FPostProcessTonemapPS,Global,None,None,None,SF_Pixel,GLSL_ES2,null,Perm_1993,4F253B10AC2ED3AB2A0FF1B34DFC634C287D20FE
empty,FPostProcessTonemapPS,Global,None,None,None,SF_Pixel,GLSL_ES2,null,Perm_1985,F70F93F753D189DD4FEBD7B449B78F7C1E0305BC
empty,FPostProcessTonemapPS,Global,None,None,None,SF_Pixel,GLSL_ES2,null,Perm_1945,2D1ADA9E43589BE2CBE6CB9E224BCC4F3D3065F2
empty,FPostProcessTonemapPS,Global,None,None,None,SF_Pixel,GLSL_ES2,null,Perm_1937,25A2DE6C419939F6A6B117F1930FC2B46B9F37A3
empty,FPostProcessTonemapPS,Global,None,None,None,SF_Pixel,GLSL_ES2,null,Perm_1929,2BCBE88A91F53A4099F6AF2A6055B894D0D3917F
empty,FPostProcessTonemapPS,Global,None,None,None,SF_Pixel,GLSL_ES2,null,Perm_1921,D39927DF4E786F8C30A852FE101F5AEAF0438A86
empty,FPostProcessTonemapPS,Global,None,None,None,SF_Pixel,GLSL_ES2,null,Perm_1794,75F1C89A43D129B46067F696762581CBCC85925E
empty,FPostProcessTonemapPS,Global,None,None,None,SF_Pixel,GLSL_ES2,null,Perm_1789,9A3918206B918760904D9EC168A656F9F40E15D1
empty,FPostProcessTonemapPS,Global,None,None,None,SF_Pixel,GLSL_ES2,null,Perm_1781,C1C4A286CB40CBA2EDB481B0BA669C0AF5C74DAE
empty,FPostProcessTonemapPS,Global,None,None,None,SF_Pixel,GLSL_ES2,null,Perm_1753,B0C1E66065D71192AE66940186FAA5CE13E37061
empty,FPostProcessTonemapPS,Global,None,None,None,SF_Pixel,GLSL_ES2,null,Perm_1745,35CDE78AB5522A5B1D92BF39C09FCC1CF0A54BE9
empty,FPostProcessTonemapPS,Global,None,None,None,SF_Pixel,GLSL_ES2,null,Perm_1737,803324140B45C816B4BC4A26BD506CC0F2E0994C
empty,FPostProcessTonemapPS,Global,None,None,None,SF_Pixel,GLSL_ES2,null,Perm_1729,6382FEC8B3D15BB581AEC1D3E86D9379D08FA802
empty,FPostProcessTonemapPS,Global,None,None,None,SF_Pixel,GLSL_ES2,null,Perm_1689,226F7FBD0A84A2134359B4FF1C9081C344CD7EBA
empty,FPostProcessTonemapPS,Global,None,None,None,SF_Pixel,GLSL_ES2,null,Perm_1681,61FBB4620F64DE32B52A630C7C7AA539C0E04536
empty,FPostProcessTonemapPS,Global,None,None,None,SF_Pixel,GLSL_ES2,null,Perm_1673,2725020B5757927B8F64474292D25EC95349F638
empty,FPostProcessTonemapPS,Global,None,None,None,SF_Pixel,GLSL_ES2,null,Perm_1665,B185E2A955D89DF017C3BD362DD66F604A9C221D
empty,FPostProcessTonemapPS,Global,None,None,None,SF_Pixel,GLSL_ES2,null,Perm_1538,75F1C89A43D129B46067F696762581CBCC85925E
empty,FPostProcessTonemapPS,Global,None,None,None,SF_Pixel,GLSL_ES2,null,Perm_1533,B1CDC384807B92A818D2901DA399F9D1B33FB57B
empty,FPostProcessTonemapPS,Global,None,None,None,SF_Pixel,GLSL_ES2,null,Perm_1525,351E4429ACE686BF8A992E2B533C0C502FF983E3
empty,FPostProcessTonemapPS,Global,None,None,None,SF_Pixel,GLSL_ES2,null,Perm_1497,6EF71C75803E0E34D57A678BB09A303F1309FA23
empty,FPostProcessTonemapPS,Global,None,None,None,SF_Pixel,GLSL_ES2,null,Perm_1489,B49B5A6AAA7E7598A9B2FE4977E8A1829239D4F9
empty,FPostProcessTonemapPS,Global,None,None,None,SF_Pixel,GLSL_ES2,null,Perm_1481,6D7B8280977C12E6660C25EAB699CEE65788DAD2
empty,FPostProcessTonemapPS,Global,None,None,None,SF_Pixel,GLSL_ES2,null,Perm_1473,B56E65586378FF8FEDECB6B5141B6F019ABAACED
empty,FPostProcessTonemapPS,Global,None,None,None,SF_Pixel,GLSL_ES2,null,Perm_1433,0A64CF1CEF693437E26F75B86791C7886BDB833D
empty,FPostProcessTonemapPS,Global,None,None,None,SF_Pixel,GLSL_ES2,null,Perm_1425,FD55167E9987E550E8397A4CF597A234A8CE06F7
empty,FPostProcessTonemapPS,Global,None,None,None,SF_Pixel,GLSL_ES2,null,Perm_1417,22DE7215E31032E4F065669A9F187DC742C9D55A
empty,FPostProcessTonemapPS,Global,None,None,None,SF_Pixel,GLSL_ES2,null,Perm_1409,DCDE4BC9D3A40745EE6A78EBE7D8E3F58120E536
empty,FPostProcessTonemapPS,Global,None,None,None,SF_Pixel,GLSL_ES2,null,Perm_1282,75F1C89A43D129B46067F696762581CBCC85925E
empty,FPostProcessTonemapPS,Global,None,None,None,SF_Pixel,GLSL_ES2,null,Perm_1277,C7847308269A11D83E477F5BE993D8496577C854
empty,FPostProcessTonemapPS,Global,None,None,None,SF_Pixel,GLSL_ES2,null,Perm_1269,2B2F137B6732A376CFA1BFB637854D475975EC15
empty,FPostProcessTonemapPS,Global,None,None,None,SF_Pixel,GLSL_ES2,null,Perm_1241,B639BE514F7C97BB1C286DD8BFABC753115EC6A8
empty,FPostProcessTonemapPS,Global,None,None,None,SF_Pixel,GLSL_ES2,null,Perm_1233,6A21EEF2065B4E223E54AD9877E6BCACF933EBCA
empty,FPostProcessTonemapPS,Global,None,None,None,SF_Pixel,GLSL_ES2,null,Perm_1225,52EAD6BD75918B86DB337F49348759684062720F
empty,FPostProcessTonemapPS,Global,None,None,None,SF_Pixel,GLSL_ES2,null,Perm_1217,4437B942DE1600C211DF6932A6EF7FB438604FC6
empty,FPostProcessTonemapPS,Global,None,None,None,SF_Pixel,GLSL_ES2,null,Perm_1177,D661AEA69713AE8EF1BDB83C44FAEF165BFAA4D5
empty,FPostProcessTonemapPS,Global,None,None,None,SF_Pixel,GLSL_ES2,null,Perm_1169,302810C806385E0789A2F98E983E77B9A738053C
empty,FPostProcessTonemapPS,Global,None,None,None,SF_Pixel,GLSL_ES2,null,Perm_1161,1370BE0D8843D87EA1F644E021170BFAC37C2A0D
empty,FPostProcessTonemapPS,Global,None,None,None,SF_Pixel,GLSL_ES2,null,Perm_1153,D6FAB220A84C209436E7041314B416F609DBC81E
empty,FPostProcessTonemapPS,Global,None,None,None,SF_Pixel,GLSL_ES2,null,Perm_1026,75F1C89A43D129B46067F696762581CBCC85925E
empty,FPostProcessTonemapPS,Global,None,None,None,SF_Pixel,GLSL_ES2,null,Perm_1021,C7847308269A11D83E477F5BE993D8496577C854
empty,FPostProcessTonemapPS,Global,None,None,None,SF_Pixel,GLSL_ES2,null,Perm_1013,2B2F137B6732A376CFA1BFB637854D475975EC15
empty,FPostProcessTonemapPS,Global,None,None,None,SF_Pixel,GLSL_ES2,null,Perm_985,B639BE514F7C97BB1C286DD8BFABC753115EC6A8
empty,FPostProcessTonemapPS,Global,None,None,None,SF_Pixel,GLSL_ES2,null,Perm_977,6A21EEF2065B4E223E54AD9877E6BCACF933EBCA
empty,FPostProcessTonemapPS,Global,None,None,None,SF_Pixel,GLSL_ES2,null,Perm_969,52EAD6BD75918B86DB337F49348759684062720F
empty,FPostProcessTonemapPS,Global,None,None,None,SF_Pixel,GLSL_ES2,null,Perm_961,4437B942DE1600C211DF6932A6EF7FB438604FC6
empty,FPostProcessTonemapPS,Global,None,None,None,SF_Pixel,GLSL_ES2,null,Perm_921,D661AEA69713AE8EF1BDB83C44FAEF165BFAA4D5
empty,FPostProcessTonemapPS,Global,None,None,None,SF_Pixel,GLSL_ES2,null,Perm_913,302810C806385E0789A2F98E983E77B9A738053C
empty,FPostProcessTonemapPS,Global,None,None,None,SF_Pixel,GLSL_ES2,null,Perm_905,1370BE0D8843D87EA1F644E021170BFAC37C2A0D
empty,FPostProcessTonemapPS,Global,None,None,None,SF_Pixel,GLSL_ES2,null,Perm_897,D6FAB220A84C209436E7041314B416F609DBC81E
empty,FPostProcessTonemapPS,Global,None,None,None,SF_Pixel,GLSL_ES2,null,Perm_770,75F1C89A43D129B46067F696762581CBCC85925E
empty,FPostProcessTonemapPS,Global,None,None,None,SF_Pixel,GLSL_ES2,null,Perm_765,5894D47EEE2FE1CB1101AB4A7D477DD3170A996F
empty,FPostProcessTonemapPS,Global,None,None,None,SF_Pixel,GLSL_ES2,null,Perm_757,E9F32A9887A92FF2DF91ED9E44723081A2B57A70
empty,FPostProcessTonemapPS,Global,None,None,None,SF_Pixel,GLSL_ES2,null,Perm_729,ACEA2E4B1A6A611F69FF56646F9499470B1DF3C1
empty,FPostProcessTonemapPS,Global,None,None,None,SF_Pixel,GLSL_ES2,null,Perm_721,0137BE61FB687DF070705E5C5A409EDFC99DFB26
empty,FPostProcessTonemapPS,Global,None,None,None,SF_Pixel,GLSL_ES2,null,Perm_713,E75380477D2F765E62A0592715BC46DF191750D3
empty,FPostProcessTonemapPS,Global,None,None,None,SF_Pixel,GLSL_ES2,null,Perm_705,F92BC9484FAC734C4239AD5E9B5F9DDB0BDB2F03
empty,FPostProcessTonemapPS,Global,None,None,None,SF_Pixel,GLSL_ES2,null,Perm_665,82C8F14F81125697C6328583A6E0BD7B8D92DC21
empty,FPostProcessTonemapPS,Global,None,None,None,SF_Pixel,GLSL_ES2,null,Perm_657,3DAB8DB605AB2A7BA74AFD3903ABDB190C2B6CF1
empty,FPostProcessTonemapPS,Global,None,None,None,SF_Pixel,GLSL_ES2,null,Perm_649,3812F3DB4635C328744FC0C7EA7A0A4C9FB1410C
empty,FPostProcessTonemapPS,Global,None,None,None,SF_Pixel,GLSL_ES2,null,Perm_641,4BEC59616ED12C1A996EF94052018EF86DE15DDB
empty,FPostProcessTonemapPS,Global,None,None,None,SF_Pixel,GLSL_ES2,null,Perm_514,75F1C89A43D129B46067F696762581CBCC85925E
empty,FPostProcessTonemapPS,Global,None,None,None,SF_Pixel,GLSL_ES2,null,Perm_509,5894D47EEE2FE1CB1101AB4A7D477DD3170A996F
empty,FPostProcessTonemapPS,Global,None,None,None,SF_Pixel,GLSL_ES2,null,Perm_501,E9F32A9887A92FF2DF91ED9E44723081A2B57A70
empty,FPostProcessTonemapPS,Global,None,None,None,SF_Pixel,GLSL_ES2,null,Perm_473,ACEA2E4B1A6A611F69FF56646F9499470B1DF3C1
empty,FPostProcessTonemapPS,Global,None,None,None,SF_Pixel,GLSL_ES2,null,Perm_465,0137BE61FB687DF070705E5C5A409EDFC99DFB26
empty,FPostProcessTonemapPS,Global,None,None,None,SF_Pixel,GLSL_ES2,null,Perm_457,E75380477D2F765E62A0592715BC46DF191750D3
empty,FPostProcessTonemapPS,Global,None,None,None,SF_Pixel,GLSL_ES2,null,Perm_449,F92BC9484FAC734C4239AD5E9B5F9DDB0BDB2F03
empty,FPostProcessTonemapPS,Global,None,None,None,SF_Pixel,GLSL_ES2,null,Perm_409,82C8F14F81125697C6328583A6E0BD7B8D92DC21
empty,FPostProcessTonemapPS,Global,None,None,None,SF_Pixel,GLSL_ES2,null,Perm_401,3DAB8DB605AB2A7BA74AFD3903ABDB190C2B6CF1
empty,FPostProcessTonemapPS,Global,None,None,None,SF_Pixel,GLSL_ES2,null,Perm_393,3812F3DB4635C328744FC0C7EA7A0A4C9FB1410C
empty,FPostProcessTonemapPS,Global,None,None,None,SF_Pixel,GLSL_ES2,null,Perm_385,4BEC59616ED12C1A996EF94052018EF86DE15DDB
empty,FPostProcessTonemapPS,Global,None,None,None,SF_Pixel,GLSL_ES2,null,Perm_258,75F1C89A43D129B46067F696762581CBCC85925E
empty,FPostProcessTonemapPS,Global,None,None,None,SF_Pixel,GLSL_ES2,null,Perm_253,5894D47EEE2FE1CB1101AB4A7D477DD3170A996F
empty,FPostProcessTonemapPS,Global,None,None,None,SF_Pixel,GLSL_ES2,null,Perm_245,E9F32A9887A92FF2DF91ED9E44723081A2B57A70
empty,FPostProcessTonemapPS,Global,None,None,None,SF_Pixel,GLSL_ES2,null,Perm_217,ACEA2E4B1A6A611F69FF56646F9499470B1DF3C1
empty,FPostProcessTonemapPS,Global,None,None,None,SF_Pixel,GLSL_ES2,null,Perm_209,0137BE61FB687DF070705E5C5A409EDFC99DFB26
empty,FPostProcessTonemapPS,Global,None,None,None,SF_Pixel,GLSL_ES2,null,Perm_201,E75380477D2F765E62A0592715BC46DF191750D3
empty,FPostProcessTonemapPS,Global,None,None,None,SF_Pixel,GLSL_ES2,null,Perm_193,F92BC9484FAC734C4239AD5E9B5F9DDB0BDB2F03
empty,FPostProcessTonemapPS,Global,None,None,None,SF_Pixel,GLSL_ES2,null,Perm_153,82C8F14F81125697C6328583A6E0BD7B8D92DC21
empty,FPostProcessTonemapPS,Global,None,None,None,SF_Pixel,GLSL_ES2,null,Perm_145,3DAB8DB605AB2A7BA74AFD3903ABDB190C2B6CF1
empty,FPostProcessTonemapPS,Global,None,None,None,SF_Pixel,GLSL_ES2,null,Perm_137,3812F3DB4635C328744FC0C7EA7A0A4C9FB1410C
empty,FPostProcessTonemapPS,Global,None,None,None,SF_Pixel,GLSL_ES2,null,Perm_129,4BEC59616ED12C1A996EF94052018EF86DE15DDB
empty,FPostProcessTonemapPS,Global,None,None,None,SF_Pixel,GLSL_ES2,null,Perm_2,75F1C89A43D129B46067F696762581CBCC85925E
empty,TPostProcessTonemapVS<false>,Global,None,None,None,SF_Vertex,GLSL_ES2,null,Perm_0,01BB4B9200ACCC7C7041FEEF842B816DDE27A21C
empty,TPostProcessTonemapVS<true>,Global,None,None,None,SF_Vertex,GLSL_ES2,null,Perm_0,35116A2FADCF676ABF9B59ED5D2E5149766AABBC
empty,FPostProcessAaVS_ES2,Global,None,None,None,SF_Vertex,GLSL_ES2,null,Perm_0,E6CCB8F664AB0F660B1439DCA860C2D36F05345F
empty,FPostProcessAaPS_ES2,Global,None,None,None,SF_Pixel,GLSL_ES2,null,Perm_0,D4D34CAEAD91BE11984742479F60A11F9506FCF6
empty,FPostProcessSunAvgVS_ES2,Global,None,None,None,SF_Vertex,GLSL_ES2,null,Perm_0,EDB4C2D2D835825B732D5BE65F1AC2753A760E35
empty,FPostProcessSunAvgPS_ES2,Global,None,None,None,SF_Pixel,GLSL_ES2,null,Perm_0,61F2BA364DD4DF0441EAAFEFF2B8F05AF9E37B15
empty,FPostProcessDofBlurVS_ES2,Global,None,None,None,SF_Vertex,GLSL_ES2,null,Perm_0,236CF202B7C8AC042DA7751E5119EAFF180BA97C
empty,FPostProcessDofBlurPS_ES2,Global,None,None,None,SF_Pixel,GLSL_ES2,null,Perm_0,FF2EABF5AE27622720453FDE30AB73FBADA2E81D
empty,FPostProcessDofNearPS_ES2_1,Global,None,None,None,SF_Pixel,GLSL_ES2,null,Perm_0,E08D1D25D2C59112C15790536878F3BC1808FC73
empty,FPostProcessDofNearPS_ES2_0,Global,None,None,None,SF_Pixel,GLSL_ES2,null,Perm_0,A79DA66B7A293FE8F8BFDCFA2C557E921481E531
empty,FPostProcessDofNearVS_ES2,Global,None,None,None,SF_Vertex,GLSL_ES2,null,Perm_0,F936D659E80578D928CDE4FB905A1E1E6BF702B9
empty,FPostProcessDofDownPS_ES2_1,Global,None,None,None,SF_Pixel,GLSL_ES2,null,Perm_0,03826D0C0580DD9CE051F7D2D4645F445946A5EC
empty,FPostProcessDofDownPS_ES2_0,Global,None,None,None,SF_Pixel,GLSL_ES2,null,Perm_0,17A07CD55B2B62667EE159B2A94226D5F5B81343
empty,FPostProcessDofDownVS_ES2,Global,None,None,None,SF_Vertex,GLSL_ES2,null,Perm_0,A9C44C4F0A59DF89A055CF828E6F26CCE89DD6BF
empty,FPostProcessSunMergeSmallVS_ES2,Global,None,None,None,SF_Vertex,GLSL_ES2,null,Perm_0,15CD1EF120AAC40DFBD2A0B3F7C2BFC77AD4239A
empty,FPostProcessSunMergeSmallPS_ES2,Global,None,None,None,SF_Pixel,GLSL_ES2,null,Perm_0,A600B7AC72BC2AC9244EAC999881A16A5075FA4B
empty,FPostProcessSunMergeVS_ES2,Global,None,None,None,SF_Vertex,GLSL_ES2,null,Perm_0,BE3D5641C036406BC82F2833A52A32D6765A7865
empty,FPostProcessSunMergePS_ES2_3,Global,None,None,None,SF_Pixel,GLSL_ES2,null,Perm_0,9FE929254B16E78892332AAB758A0F5BFF09A731
empty,FPostProcessSunMergePS_ES2_2,Global,None,None,None,SF_Pixel,GLSL_ES2,null,Perm_0,DF67A7419CCCCC270A7C576DE88CA1063413D747
empty,FPostProcessSunMergePS_ES2_1,Global,None,None,None,SF_Pixel,GLSL_ES2,null,Perm_0,7CB491200FF359A06F3893C0CF78B21E6D3F6FC9
empty,FPostProcessSunMergePS_ES2_0,Global,None,None,None,SF_Pixel,GLSL_ES2,null,Perm_0,E27EE4A230B3FD4182B7F63C1AD85202F79800D9
empty,FPostProcessSunBlurVS_ES2,Global,None,None,None,SF_Vertex,GLSL_ES2,null,Perm_0,432FF020ECC024F085EAFCEB7DA7585D58D606C2
empty,FPostProcessSunBlurPS_ES2,Global,None,None,None,SF_Pixel,GLSL_ES2,null,Perm_0,AD885BCB3D167C58312944E10F7D4BC64B738EB5
empty,FPostProcessSunAlphaVS_ES2,Global,None,None,None,SF_Vertex,GLSL_ES2,null,Perm_0,78EA999C25863A32F5BEC81B1D53F5E80D658D8F
empty,FPostProcessSunAlphaPS_ES2_1,Global,None,None,None,SF_Pixel,GLSL_ES2,null,Perm_0,259616690F38AF11C9C13BE60EABE3095A798588
empty,FPostProcessSunAlphaPS_ES2_0,Global,None,None,None,SF_Pixel,GLSL_ES2,null,Perm_0,1C746F1CA5F2D40A1F135A09CA19D3F383C09717
empty,FPostProcessSunMaskVS_ES2,Global,None,None,None,SF_Vertex,GLSL_ES2,null,Perm_0,B7C5399E90073445C17D99A37AAF825B5ACDF317
empty,FPostProcessSunMaskPS_ES2_8,Global,None,None,None,SF_Pixel,GLSL_ES2,null,Perm_0,C758096503FD531A7343FCF58D3901677F14570C
empty,FPostProcessSunMaskPS_ES2_DEPTH_8,Global,None,None,None,SF_Pixel,GLSL_ES2,null,Perm_0,C758096503FD531A7343FCF58D3901677F14570C
empty,FPostProcessSunMaskPS_ES2_7,Global,None,None,None,SF_Pixel,GLSL_ES2,null,Perm_0,0BD2473064D0E9B9606AFAB4BEA628ACF43619CE
empty,FPostProcessSunMaskPS_ES2_DEPTH_7,Global,None,None,None,SF_Pixel,GLSL_ES2,null,Perm_0,9D5208029971C42AD28D5A81CDE5C6E252ACA19B
empty,FPostProcessSunMaskPS_ES2_6,Global,None,None,None,SF_Pixel,GLSL_ES2,null,Perm_0,9D02A11FAFDBEFD42E6DC29EBFAAA083BED505AF
empty,FPostProcessSunMaskPS_ES2_DEPTH_6,Global,None,None,None,SF_Pixel,GLSL_ES2,null,Perm_0,5A8356D6F6DB5943AB11A2191536BAB2C979D791
empty,FPostProcessSunMaskPS_ES2_5,Global,None,None,None,SF_Pixel,GLSL_ES2,null,Perm_0,D4834820F700B58340CFE2EFB64C709D93900BC0
empty,FPostProcessSunMaskPS_ES2_DEPTH_5,Global,None,None,None,SF_Pixel,GLSL_ES2,null,Perm_0,5E7780E3720FF9FE2B92B225370BFCA09BF61339
empty,FPostProcessSunMaskPS_ES2_4,Global,None,None,None,SF_Pixel,GLSL_ES2,null,Perm_0,836D2E7B16F1CDBE5A6CE887BF334C19C3ED894E
empty,FPostProcessSunMaskPS_ES2_DEPTH_4,Global,None,None,None,SF_Pixel,GLSL_ES2,null,Perm_0,836D2E7B16F1CDBE5A6CE887BF334C19C3ED894E
empty,FPostProcessSunMaskPS_ES2_3,Global,None,None,None,SF_Pixel,GLSL_ES2,null,Perm_0,D7F865ACCF8F1E43A9D202873819EAB04FC122B4
empty,FPostProcessSunMaskPS_ES2_DEPTH_3,Global,None,None,None,SF_Pixel,GLSL_ES2,null,Perm_0,6A684BE56D7730E81672A90849B0B519EE225709
empty,FPostProcessSunMaskPS_ES2_2,Global,None,None,None,SF_Pixel,GLSL_ES2,null,Perm_0,D7596E5020696CC97F574349E5FFDA5219959D09
empty,FPostProcessSunMaskPS_ES2_DEPTH_2,Global,None,None,None,SF_Pixel,GLSL_ES2,null,Perm_0,FC97D9106FD3BAD6C5E3E53FA3AB1BFE8352B6A5
empty,FPostProcessSunMaskPS_ES2_1,Global,None,None,None,SF_Pixel,GLSL_ES2,null,Perm_0,D91AE19E438458A4CCB46231D999D5CD44921704
empty,FPostProcessSunMaskPS_ES2_DEPTH_1,Global,None,None,None,SF_Pixel,GLSL_ES2,null,Perm_0,62A4F5B6238C58D35ACD1AE377DDB8856A35FF1B
empty,FPostProcessSunMaskPS_ES2_0,Global,None,None,None,SF_Pixel,GLSL_ES2,null,Perm_0,29912EA0E5D6D50B9F23B323A3431FF68CB9E8B6
empty,FPostProcessSunMaskPS_ES2_DEPTH_0,Global,None,None,None,SF_Pixel,GLSL_ES2,null,Perm_0,29912EA0E5D6D50B9F23B323A3431FF68CB9E8B6
empty,FPostProcessBloomUpVS_ES2,Global,None,None,None,SF_Vertex,GLSL_ES2,null,Perm_0,AF8AC19DF6A525E62846DF97E715840616F8A64A
empty,FPostProcessBloomUpPS_ES2,Global,None,None,None,SF_Pixel,GLSL_ES2,null,Perm_0,5A5FC8174235286E00D0408E1B9265C4A8D6A5A9
empty,FPostProcessBloomDownVS_ES2,Global,None,None,None,SF_Vertex,GLSL_ES2,null,Perm_0,F9D739ACAF9B419591C7A350652B003E01A5669E
empty,FPostProcessBloomDownPS_ES2,Global,None,None,None,SF_Pixel,GLSL_ES2,null,Perm_0,CEFE416974E3BB52356EF5C04C70798DC70EC194
empty,FPostProcessBloomSetupSmallPS_ES2,Global,None,None,None,SF_Pixel,GLSL_ES2,null,Perm_0,1CF6DD686BA0F84C08AE2DF635F09E5B383D43EB
empty,FPostProcessBloomSetupSmallVS_ES2,Global,None,None,None,SF_Vertex,GLSL_ES2,null,Perm_0,C3C063095825E449521A22A5E3DAD514845F8DAB
empty,FPostProcessBloomSetupPS_ES2_4,Global,None,None,None,SF_Pixel,GLSL_ES2,null,Perm_0,016BC1AB0B43B73922E5D159B64292DDA6ED1113
empty,FPostProcessBloomSetupPS_ES2_3,Global,None,None,None,SF_Pixel,GLSL_ES2,null,Perm_0,535D393ED5765197028F2A165A46D18C8B7C4EAC
empty,FPostProcessBloomSetupPS_ES2_2,Global,None,None,None,SF_Pixel,GLSL_ES2,null,Perm_0,CC5467A58BFF7F6C8156E300B996592E108D98AB
empty,FPostProcessBloomSetupPS_ES2_1,Global,None,None,None,SF_Pixel,GLSL_ES2,null,Perm_0,BF3FAF6AD94981C9662303455CD6F1BEFAD7B1B1
empty,FPostProcessBloomSetupPS_ES2_0,Global,None,None,None,SF_Pixel,GLSL_ES2,null,Perm_0,3D4EEB45BEFEE5E76FB97045D73C8FF36A7C0434
empty,FPostProcessBloomSetupVS_ES2,Global,None,None,None,SF_Vertex,GLSL_ES2,null,Perm_0,A84E9C8741B268486BD3234C5DE9A5AE1B5FF443
empty,FPostProcessVS,Global,None,None,None,SF_Vertex,GLSL_ES2,null,Perm_0,B7C5399E90073445C17D99A37AAF825B5ACDF317
empty,FPostProcessHMDPS,Global,None,None,None,SF_Pixel,GLSL_ES2,null,Perm_0,666CEAB9A6164AEAFDC93AF0767804B9D0C96BC7
empty,FPostProcessHMDVS,Global,None,None,None,SF_Vertex,GLSL_ES2,null,Perm_0,18263C69940BCF44B5F1E110268DF7C6E50D7289
empty,FPostProcessDownsampleVS,Global,None,None,None,SF_Vertex,GLSL_ES2,null,Perm_0,EDB4C2D2D835825B732D5BE65F1AC2753A760E35
empty,FPostProcessDownsamplePS11,Global,None,None,None,SF_Pixel,GLSL_ES2,null,Perm_0,24735F0E68B0124707FCDBB60ED0EB14A9EC5AB9
empty,FPostProcessDownsamplePS01,Global,None,None,None,SF_Pixel,GLSL_ES2,null,Perm_0,97C42F3AA125AB4393CEF401C79C4C3174B118AA
empty,FPostProcessDownsamplePS10,Global,None,None,None,SF_Pixel,GLSL_ES2,null,Perm_0,7D4132F2C1BDD5C19FFCA1B3E28B1E575D23B33B
empty,FPostProcessDownsamplePS00,Global,None,None,None,SF_Pixel,GLSL_ES2,null,Perm_0,78FF017D42C596B7DAEFB1BBA76F40E03848AF0C
empty,FLUTBlenderPS<5>,Global,None,None,None,SF_Pixel,GLSL_ES2,null,Perm_0,3390C594E54EEF01BCB84CA5F6721EB7E910A6D0
empty,FLUTBlenderPS<4>,Global,None,None,None,SF_Pixel,GLSL_ES2,null,Perm_0,557815BF8E740CE0034C7A85E5A54B1096C9AA48
empty,FLUTBlenderPS<3>,Global,None,None,None,SF_Pixel,GLSL_ES2,null,Perm_0,4DEC376B0502E8F486F47D20976F2404BFEC69AF
empty,FLUTBlenderPS<2>,Global,None,None,None,SF_Pixel,GLSL_ES2,null,Perm_0,FBBE5292992CFCE1B13619743E17AC1F2C1F916E
empty,FLUTBlenderPS<1>,Global,None,None,None,SF_Pixel,GLSL_ES2,null,Perm_0,B5E6E2E5DE00C3A5256EDF9A7C63334E221799C8
empty,FPrefilterPlanarReflectionPS<false>,Global,None,None,None,SF_Pixel,GLSL_ES2,null,Perm_0,0BE4130E46A455F095ECCF35F2A8CF9B3807DE2C
empty,FMonoscopicFarFieldMaskPS<false>,Global,None,None,None,SF_Pixel,GLSL_ES2,null,Perm_0,03E579E23C612AD324A65F3E46CDFA1ECE27DF93
empty,FMonoscopicFarFieldMaskPS<true>,Global,None,None,None,SF_Pixel,GLSL_ES2,null,Perm_0,03E579E23C612AD324A65F3E46CDFA1ECE27DF93
empty,FCompositeMonoscopicFarFieldViewPS<false>,Global,None,None,None,SF_Pixel,GLSL_ES2,null,Perm_0,1FE107593404E3280B5F6C930BEA7BF6FB6283C3
empty,FCompositeMonoscopicFarFieldViewPS<true>,Global,None,None,None,SF_Pixel,GLSL_ES2,null,Perm_0,1FE107593404E3280B5F6C930BEA7BF6FB6283C3
empty,FCompositeMonoscopicFarFieldViewVS<false>,Global,None,None,None,SF_Vertex,GLSL_ES2,null,Perm_0,90B9BF3C75C24EA2F9F8C10BA1B8F5387C90A75B
empty,FCompositeMonoscopicFarFieldViewVS<true>,Global,None,None,None,SF_Vertex,GLSL_ES2,null,Perm_0,90B9BF3C75C24EA2F9F8C10BA1B8F5387C90A75B
empty,FMobileCopySceneAlphaPS,Global,None,None,None,SF_Pixel,GLSL_ES2,null,Perm_0,95418DDDB71A3AE7826DFB7CBF3246DF8BDCDA67
empty,FCopyMobileMultiViewSceneColorPS,Global,None,None,None,SF_Pixel,GLSL_ES2,null,Perm_0,94B7650587442163C8C74CDD828E1F64AB9A76C8
empty,FMobileSceneCaptureCopyVS<true>,Global,None,None,None,SF_Vertex,GLSL_ES2,null,Perm_0,B899CE89052AB76EC863EC46BBC8BEC33DAF2767
empty,FMobileSceneCaptureCopyVS<false>,Global,None,None,None,SF_Vertex,GLSL_ES2,null,Perm_0,90B9BF3C75C24EA2F9F8C10BA1B8F5387C90A75B
empty,FMobileSceneCaptureCopyPS_MosaicSCS_DeviceDepth,Global,None,None,None,SF_Pixel,GLSL_ES2,null,Perm_0,8ADA5E3965E30DE8FFF6D4E05522BAB41745BE61
empty,FMobileSceneCaptureCopyPSSCS_DeviceDepth,Global,None,None,None,SF_Pixel,GLSL_ES2,null,Perm_0,37510D1550EBA5B91D3BC8D70B0AE8BEB94CA795
empty,FMobileSceneCaptureCopyPS_MosaicSCS_SceneDepth,Global,None,None,None,SF_Pixel,GLSL_ES2,null,Perm_0,BD85723B7FB6272118E874971449BDD2F7901492
empty,FMobileSceneCaptureCopyPSSCS_SceneDepth,Global,None,None,None,SF_Pixel,GLSL_ES2,null,Perm_0,0E54DCB23B8128E558A5A1C13D58F818FB9429D8
empty,FMobileSceneCaptureCopyPS_MosaicSCS_SceneColorSceneDepth,Global,None,None,None,SF_Pixel,GLSL_ES2,null,Perm_0,DBD1F7E52AE19507B0A83F3F198251A16806CAE0
empty,FMobileSceneCaptureCopyPSSCS_SceneColorSceneDepth,Global,None,None,None,SF_Pixel,GLSL_ES2,null,Perm_0,3B7090C9A43CE67175044055784668E0D848E0F3
empty,FMobileSceneCaptureCopyPS_MosaicSCS_SceneColorHDRNoAlpha,Global,None,None,None,SF_Pixel,GLSL_ES2,null,Perm_0,BC051F403ED43B239D6863A1DA51CEA425B3D6B6
empty,FMobileSceneCaptureCopyPSSCS_SceneColorHDRNoAlpha,Global,None,None,None,SF_Pixel,GLSL_ES2,null,Perm_0,F9A45A0E5D4D0315575DA6A52EF34D8C1AEE9F93
empty,FMobileSceneCaptureCopyPS_MosaicSCS_SceneColorHDR,Global,None,None,None,SF_Pixel,GLSL_ES2,null,Perm_0,7FEAE3DED8681072D5648A1B08A09901099BBB6E
empty,FMobileSceneCaptureCopyPSSCS_SceneColorHDR,Global,None,None,None,SF_Pixel,GLSL_ES2,null,Perm_0,D7EE55E3EEFD47D39C0113A466C64A60C361BE51
empty,FMobileDownsamplePS,Global,None,None,None,SF_Pixel,GLSL_ES2,null,Perm_0,07D4752C8D2940337FE96D47D8CCB7C3DFBE8A9A
empty,FDistortionMergePS_ES2,Global,None,None,None,SF_Pixel,GLSL_ES2,null,Perm_0,4E9363FC4C1A55906C9305CBAACEBDC0A28591C6
empty,TDeferredLightVS<false>,Global,None,None,None,SF_Vertex,GLSL_ES2,null,Perm_0,C253F81E022F48C8A9E43C5957BA113646366B77
empty,FHdrCustomResolveFMask8xPS,Global,None,None,None,SF_Pixel,GLSL_ES2,null,Perm_0,9A6B07193884BCDA155FF9961DE1CC344372138C
empty,FHdrCustomResolveFMask4xPS,Global,None,None,None,SF_Pixel,GLSL_ES2,null,Perm_0,CD33C20A460738816CC0BAF78B3F4CE77676FDDE
empty,FHdrCustomResolveFMask2xPS,Global,None,None,None,SF_Pixel,GLSL_ES2,null,Perm_0,AC61B454AC8271A0D1EAAEB43812F69871C0B026
empty,FHdrCustomResolve8xPS,Global,None,None,None,SF_Pixel,GLSL_ES2,null,Perm_0,F692C782C031194262E99A95A67454E9DD8B4A1A
empty,FHdrCustomResolve4xPS,Global,None,None,None,SF_Pixel,GLSL_ES2,null,Perm_0,272D4863C4091544E0F88E853233127127321427
empty,FHdrCustomResolve2xPS,Global,None,None,None,SF_Pixel,GLSL_ES2,null,Perm_0,9724C395049BC268E2402899373937FAF3EE10A8
empty,FHdrCustomResolveVS,Global,None,None,None,SF_Vertex,GLSL_ES2,null,Perm_0,CD87CE2A13DA5EC3C62BDD32E5E6BF4C3307D7DF
empty,FPostProcessBenchmarkVS2,Global,None,None,None,SF_Vertex,GLSL_ES2,null,Perm_0,AA34DD760351C759CA4EE11A58258347FD259C5D
empty,FPostProcessBenchmarkVS1,Global,None,None,None,SF_Vertex,GLSL_ES2,null,Perm_0,B3359B632B68A8812621CEB28D22D6C8FF4E7F98
empty,FPostProcessBenchmarkVS0,Global,None,None,None,SF_Vertex,GLSL_ES2,null,Perm_0,EDB4C2D2D835825B732D5BE65F1AC2753A760E35
empty,FGammaCorrectionVS,Global,None,None,None,SF_Vertex,GLSL_ES2,null,Perm_0,EDB4C2D2D835825B732D5BE65F1AC2753A760E35
empty,FGammaCorrectionPS,Global,None,None,None,SF_Pixel,GLSL_ES2,null,Perm_0,039520105D0F46079CB2E790386E7C6E2063A7F3
empty,TDistortionMergePSfalse,Global,None,None,None,SF_Pixel,GLSL_ES2,null,Perm_0,38A36319C2A58FF17E9180F440D6ACA8F117F31D
empty,TDistortionApplyScreenPSfalse,Global,None,None,None,SF_Pixel,GLSL_ES2,null,Perm_0,5BFE93B213D7A9872E0D967AB11E8655466A99C3
empty,FDeferredDecalVS,Global,None,None,None,SF_Vertex,GLSL_ES2,null,Perm_0,6FEE904EC5A0D4F2818103F063A9D97A31E5C79D
empty,FSimpleElementNormalMapPS,Global,None,None,None,SF_Pixel,GLSL_ES2,null,Perm_0,2EB875EC676A0325BCCA27B1B983376EBC948455
empty,FResolveVS,Global,None,None,None,SF_Vertex,GLSL_ES2,null,Perm_0,F99720D736600B911463C67803AFABF713A1A8C7
empty,FResolveDepthNonMSPS,Global,None,None,None,SF_Pixel,GLSL_ES2,null,Perm_0,77AA729E19BCD99A4DBD11B09E319227331A4513
empty,TOneColorPixelShaderMRT<1>,Global,None,None,None,SF_Pixel,GLSL_ES2,null,Perm_0,5B084922264D6E62FFB254347EC89B73A85F7128
empty,FOneColorPS,Global,None,None,None,SF_Pixel,GLSL_ES2,null,Perm_0,5B084922264D6E62FFB254347EC89B73A85F7128
empty,TOneColorVStruefalse,Global,None,None,None,SF_Vertex,GLSL_ES2,null,Perm_0,579AFA493D73F07A0ABB9562DE80C8B6474C46F2
empty,TOneColorVStruetrue,Global,None,None,None,SF_Vertex,GLSL_ES2,null,Perm_0,579AFA493D73F07A0ABB9562DE80C8B6474C46F2
empty,TOneColorVSfalsetrue,Global,None,None,None,SF_Vertex,GLSL_ES2,null,Perm_0,CA5E96B3F7478D28D785A85B025730407FD3F0F2
empty,TOneColorVSfalsefalse,Global,None,None,None,SF_Vertex,GLSL_ES2,null,Perm_0,CA5E96B3F7478D28D785A85B025730407FD3F0F2
empty,FOculusCubemapPS,Global,None,None,None,SF_Pixel,GLSL_ES2,null,Perm_0,59280DB472DDA346F62C10B6847C108D67227D85
empty,FOculusAlphaInverseShader,Global,None,None,None,SF_Pixel,GLSL_ES2,null,Perm_0,B61C4E3C4BEAB5109C3EBCD23E3B0347193CE201
empty,FOculusBlackShader,Global,None,None,None,SF_Pixel,GLSL_ES2,null,Perm_0,700C304C9D4EF4D6866F3B7D30614AC99F72D970
empty,FOculusWhiteShader,Global,None,None,None,SF_Pixel,GLSL_ES2,null,Perm_0,F6C237B15A1A22407799EDC6ADDD1C1FC7B633B5
empty,FOculusVertexShader,Global,None,None,None,SF_Vertex,GLSL_ES2,null,Perm_0,565CD7045592C7EB9C6126B886E2B8A100DFB599
empty,FYVYUConvertPS,Global,None,None,None,SF_Pixel,GLSL_ES2,null,Perm_0,82F433B76DB2E440C7F0BF4706D42BD0EDE7A67C
empty,FYUY2ConvertPS,Global,None,None,None,SF_Pixel,GLSL_ES2,null,Perm_0,E1E015A625BEA024BAA10CF05083020C20987819
empty,FYUVConvertPS,Global,None,None,None,SF_Pixel,GLSL_ES2,null,Perm_0,F325F1EF9992916F264A06C15715AE5DAE27D5CD
empty,FUYVYConvertPS,Global,None,None,None,SF_Pixel,GLSL_ES2,null,Perm_0,E018F47BD0A22D97AFC5BF1910D8431553573D88
empty,FYCbCrConvertPS_4x4Matrix,Global,None,None,None,SF_Pixel,GLSL_ES2,null,Perm_0,C65E49137A52E495D93998EA8BC3609C48890B17
empty,FYCbCrConvertPS,Global,None,None,None,SF_Pixel,GLSL_ES2,null,Perm_0,30E07AC8F003B3F5B7DFD9E3704DE0EBAFC3DC6B
empty,FRGBConvertPS,Global,None,None,None,SF_Pixel,GLSL_ES2,null,Perm_0,FDAEB961A776A17EAE0E6877F3E8411198C62A04
empty,FNV21ConvertPS,Global,None,None,None,SF_Pixel,GLSL_ES2,null,Perm_0,3AE2DE2EE9727AEFC0BB550FE19D4F569CAD278A
empty,FNV12ConvertPS,Global,None,None,None,SF_Pixel,GLSL_ES2,null,Perm_0,6A1ED3D3209E0C29DAE073FC9BD5F23073C44226
empty,FBMPConvertPS,Global,None,None,None,SF_Pixel,GLSL_ES2,null,Perm_0,E237E6127C9E2CE2B4E0C9404B3194E0DDED57D4
empty,FAYUVConvertPS,Global,None,None,None,SF_Pixel,GLSL_ES2,null,Perm_0,43F38123A93E6D0778DE11DC48BBD4A454ACC33B
empty,FMediaShadersVS,Global,None,None,None,SF_Vertex,GLSL_ES2,null,Perm_0,70E2DC59FEEB5030D0B11FB51D89223B5A64F799
empty,FLongGPUTaskPS,Global,None,None,None,SF_Pixel,GLSL_ES2,null,Perm_0,0A985D31FF266981DB3F731D2A56450B00913B57
empty,FNULLPS,Global,None,None,None,SF_Pixel,GLSL_ES2,null,Perm_0,700C304C9D4EF4D6866F3B7D30614AC99F72D970
